time,Open,High,Low,Close,Volume
2018-01-02,1.16916,1.17276,1.16853,1.17135,179011
2018-01-03,1.17135,1.1762299999999999,1.17003,1.17384,112594
2018-01-04,1.17384,1.1775,1.17306,1.1745,96549
2018-01-05,1.1745,1.17783,1.1721,1.17258,95595
2018-01-08,1.1728,1.17463,1.16831,1.16895,83552
2018-01-09,1.16866,1.17385,1.16836,1.1724999999999999,97749
2018-01-10,1.1724999999999999,1.17472,1.16854,1.16892,134629
2018-01-11,1.16892,1.1757,1.16858,1.17402,135343
2018-01-12,1.17402,1.18099,1.17353,1.1804999999999999,171907
2018-01-15,1.18029,1.18327,1.17829,1.18054,166948
2018-01-16,1.18054,1.1828,1.17601,1.17622,156496
2018-01-17,1.17622,1.18019,1.17527,1.17583,200563
2018-01-18,1.17583,1.17747,1.17283,1.17297,152003
2018-01-19,1.17297,1.17815,1.17111,1.17768,150706
2018-01-22,1.17902,1.17975,1.1751,1.17884,113679
2018-01-23,1.17884,1.17964,1.1767400000000001,1.17747,129930
2018-01-24,1.17725,1.17876,1.16846,1.1705,168489
2018-01-25,1.1705,1.17373,1.16257,1.16625,262137
2018-01-26,1.16614,1.16906,1.15873,1.1605,185127
2018-01-29,1.1594,1.16374,1.15407,1.16058,153003
2018-01-30,1.1606,1.16138,1.15678,1.1587,174703
2018-01-31,1.1587,1.1637,1.15528,1.15534,210640
2018-02-01,1.15534,1.16068,1.1547399999999999,1.15819,168983
2018-02-02,1.15819,1.16225,1.15623,1.16032,173461
2018-02-05,1.15957,1.16394,1.15079,1.1516899999999999,187462
2018-02-06,1.15144,1.16282,1.15117,1.1583,266141
2018-02-07,1.1583,1.16191,1.15579,1.15668,161825
2018-02-08,1.15761,1.15943,1.1445400000000001,1.1464699999999999,220404
2018-02-09,1.1464699999999999,1.15278,1.14494,1.15105,190623
2018-02-12,1.15105,1.15497,1.14764,1.15406,131138
2018-02-13,1.15381,1.15619,1.15072,1.1547,132465
2018-02-14,1.1547,1.1584699999999999,1.14977,1.15679,175096
2018-02-15,1.15679,1.15736,1.15188,1.15284,154717
2018-02-16,1.15284,1.15462,1.15017,1.1510799999999999,144235
2018-02-19,1.15062,1.15355,1.15031,1.15236,121854
2018-02-20,1.15211,1.15576,1.15176,1.15456,130797
2018-02-21,1.15456,1.15601,1.15299,1.15302,145901
2018-02-22,1.15302,1.1544,1.14981,1.15003,129261
2018-02-23,1.15003,1.15232,1.14905,1.15116,106821
2018-02-26,1.15001,1.15548,1.1495,1.1551,184054
2018-02-27,1.15511,1.15628,1.14833,1.14834,121847
2018-02-28,1.14821,1.1534200000000001,1.1482,1.15154,123291
2018-03-01,1.15155,1.15603,1.15107,1.15503,150620
2018-03-02,1.15503,1.15602,1.14955,1.15515,152873
2018-03-05,1.15455,1.16002,1.15101,1.15912,157959
2018-03-06,1.15913,1.1673499999999999,1.15881,1.16645,128326
2018-03-07,1.16625,1.17122,1.16308,1.17075,144392
2018-03-08,1.17076,1.1741,1.1682,1.1706699999999999,151914
2018-03-09,1.17039,1.17262,1.16755,1.17069,147848
2018-03-12,1.17038,1.17154,1.16731,1.1685699999999999,197209
2018-03-13,1.1685699999999999,1.17084,1.16778,1.1691799999999999,140372
2018-03-14,1.16921,1.17121,1.16816,1.16838,138643
2018-03-15,1.16838,1.1712,1.16774,1.17023,141891
2018-03-16,1.17023,1.17132,1.16878,1.16996,124974
2018-03-19,1.1702,1.1743999999999999,1.16925,1.17328,267684
2018-03-20,1.17328,1.1749,1.16953,1.17064,107338
2018-03-21,1.17064,1.17287,1.16882,1.17078,137282
2018-03-22,1.17078,1.17242,1.16506,1.16764,140419
2018-03-23,1.16764,1.17154,1.16535,1.17013,130162
2018-03-26,1.16952,1.1773500000000001,1.16861,1.17636,224922
2018-03-27,1.17636,1.1773500000000001,1.17372,1.17398,121330
2018-03-28,1.17398,1.1803,1.17351,1.17717,124909
2018-03-29,1.17717,1.17961,1.1754,1.17621,128142
2018-03-30,1.17621,1.1768,1.17319,1.17514,55867
2018-04-02,1.17452,1.17633,1.17334,1.17435,169192
2018-04-03,1.17398,1.17743,1.17366,1.17611,102773
2018-04-04,1.17648,1.18045,1.1752799999999999,1.1796,66275
2018-04-05,1.17946,1.18048,1.17716,1.17931,54974
2018-04-06,1.17911,1.18041,1.17687,1.17776,78469
2018-04-09,1.17662,1.17981,1.17611,1.17797,58150
2018-04-10,1.17755,1.18256,1.1767400000000001,1.1821,65252
2018-04-11,1.1821,1.18803,1.18153,1.18419,60714
2018-04-12,1.18445,1.18895,1.1837900000000001,1.18582,60726
2018-04-13,1.18587,1.18792,1.18497,1.18647,49542
2018-04-16,1.18547,1.18846,1.18495,1.18822,117238
2018-04-17,1.18797,1.19536,1.18738,1.19505,50254
2018-04-18,1.19495,1.19917,1.19451,1.19853,55032
2018-04-19,1.19829,1.20012,1.1956,1.199,66098
2018-04-20,1.199,1.2005,1.19497,1.19795,58745
2018-04-23,1.19648,1.19834,1.19254,1.19405,156549
2018-04-24,1.19409,1.19901,1.19247,1.19734,64815
2018-04-25,1.19734,1.19967,1.19553,1.19558,59955
2018-04-26,1.19555,1.199,1.19513,1.19705,87829
2018-04-27,1.1966700000000001,1.1984,1.19524,1.19825,70052
2018-04-30,1.19739,1.19873,1.19557,1.19662,65481
2018-05-01,1.19662,1.19732,1.19352,1.19502,57486
2018-05-02,1.19502,1.19634,1.19347,1.19396,88765
2018-05-03,1.19396,1.19687,1.19346,1.19576,93043
2018-05-04,1.19576,1.19747,1.1936,1.1960899999999999,75736
2018-05-07,1.19567,1.19793,1.19469,1.19542,56736
2018-05-08,1.19542,1.19597,1.18658,1.18846,78716
2018-05-09,1.18846,1.19221,1.18662,1.19133,71454
2018-05-10,1.19133,1.19574,1.18983,1.19483,75815
2018-05-11,1.19483,1.19576,1.19246,1.19427,55957
2018-05-14,1.19369,1.19798,1.1930399999999999,1.19311,126867
2018-05-15,1.19299,1.19411,1.1848,1.18515,62036
2018-05-16,1.18485,1.18588,1.1771,1.182,69532
2018-05-17,1.18204,1.18404,1.18024,1.18073,74114
2018-05-18,1.18073,1.18174,1.17295,1.17408,57080
2018-05-21,1.1741,1.17615,1.17065,1.17572,136466
2018-05-22,1.1752799999999999,1.1771,1.1684,1.16903,62398
2018-05-23,1.1691,1.16964,1.15808,1.16445,93563
2018-05-24,1.16444,1.16524,1.15882,1.16156,77652
2018-05-25,1.16089,1.1642299999999999,1.15233,1.1533,71127
2018-05-28,1.15801,1.16285,1.1544699999999999,1.15473,178584
2018-05-29,1.15477,1.1554,1.13673,1.14379,115730
2018-05-30,1.14303,1.15666,1.14099,1.15362,106524
2018-05-31,1.15362,1.15712,1.14632,1.1522000000000001,95107
2018-06-01,1.15219,1.15739,1.1501000000000001,1.1517,80876
2018-06-04,1.15241,1.15644,1.15092,1.15519,149973
2018-06-05,1.15546,1.15632,1.1506,1.15359,62807
2018-06-06,1.15327,1.16397,1.1528,1.16082,62236
2018-06-07,1.16087,1.16346,1.15579,1.1565,68163
2018-06-08,1.15629,1.16183,1.15368,1.15891,61564
2018-06-11,1.15903,1.16565,1.15887,1.16096,130758
2018-06-12,1.16104,1.16249,1.15807,1.1591,56803
2018-06-13,1.15796,1.16238,1.15796,1.16168,157561
2018-06-14,1.16141,1.16478,1.15289,1.15296,95394
2018-06-15,1.15296,1.15858,1.15236,1.15759,89052
2018-06-18,1.15536,1.15716,1.15329,1.15641,47812
2018-06-19,1.1555900000000001,1.15699,1.14868,1.1513,83800
2018-06-20,1.1513,1.15518,1.14954,1.15306,63143
2018-06-21,1.15339,1.15405,1.14786,1.15085,88103
2018-06-22,1.15077,1.15506,1.14937,1.1514,101288
2018-06-25,1.15174,1.1557,1.14893,1.15491,171183
2018-06-26,1.15503,1.15646,1.15244,1.15282,82624
2018-06-27,1.15282,1.15547,1.15093,1.15152,86615
2018-06-28,1.15171,1.1565400000000001,1.15038,1.15358,117144
2018-06-29,1.1536,1.16001,1.15227,1.15702,109734
2018-07-02,1.15606,1.15694,1.15345,1.15621,63411
2018-07-03,1.15618,1.15851,1.15501,1.15648,62981
2018-07-04,1.15635,1.15842,1.15485,1.15618,109081
2018-07-05,1.15618,1.16192,1.15618,1.15832,77513
2018-07-06,1.1604,1.16392,1.15832,1.16234,83846
2018-07-09,1.16143,1.16563,1.16048,1.16499,67438
2018-07-10,1.16453,1.16589,1.16314,1.16459,67106
2018-07-11,1.16467,1.1658,1.16187,1.16289,93235
2018-07-12,1.16239,1.17076,1.16186,1.16962,68814
2018-07-13,1.16955,1.17083,1.16576,1.1703999999999999,68283
2018-07-16,1.17004,1.17137,1.16689,1.16714,204779
2018-07-17,1.1671,1.1681300000000001,1.16398,1.16618,78059
2018-07-18,1.16621,1.16693,1.16023,1.16262,68534
2018-07-19,1.16245,1.16393,1.16133,1.16315,98373
2018-07-20,1.16315,1.1654200000000001,1.1611,1.1634,126704
2018-07-23,1.16271,1.16408,1.1602000000000001,1.1602000000000001,62160
2018-07-24,1.16041,1.16308,1.15945,1.16107,73849
2018-07-25,1.16109,1.16334,1.15941,1.16306,73104
2018-07-26,1.16319,1.16373,1.15727,1.15732,72800
2018-07-27,1.15731,1.16052,1.15662,1.15949,61037
2018-07-30,1.15863,1.16036,1.1566,1.15678,145174
2018-07-31,1.1569,1.15975,1.15598,1.15773,200716
2018-08-01,1.15757,1.16033,1.15636,1.15651,62880
2018-08-02,1.1565699999999999,1.15704,1.15294,1.15309,55765
2018-08-03,1.15309,1.15412,1.14965,1.1503,65548
2018-08-06,1.14933,1.15279,1.14917,1.15151,45955
2018-08-07,1.15114,1.15475,1.15085,1.1544699999999999,45620
2018-08-08,1.15442,1.15568,1.15266,1.15306,46023
2018-08-09,1.15313,1.1536,1.1449799999999999,1.14534,58665
2018-08-10,1.1453,1.14604,1.1339,1.13558,104330
2018-08-13,1.12996,1.13599,1.12858,1.1329,258819
2018-08-14,1.13287,1.13542,1.1265100000000001,1.12768,71825
2018-08-15,1.12765,1.13047,1.12428,1.12705,83160
2018-08-16,1.1272,1.13472,1.12577,1.1338300000000001,81313
2018-08-17,1.13371,1.13937,1.13256,1.13858,70640
2018-08-20,1.13751,1.13864,1.13531,1.13797,165411
2018-08-21,1.13798,1.14182,1.13583,1.13943,73905
2018-08-22,1.13995,1.14093,1.13741,1.13991,190457
2018-08-23,1.1399,1.1407,1.13639,1.13768,64056
2018-08-24,1.13766,1.14294,1.13657,1.14214,68678
2018-08-27,1.14232,1.14493,1.14099,1.14374,57456
2018-08-28,1.1439,1.14532,1.14157,1.14164,62116
2018-08-29,1.14151,1.14226,1.13432,1.13607,70466
2018-08-30,1.13589,1.1368,1.13023,1.13089,64990
2018-08-31,1.13059,1.13107,1.12385,1.12391,83818
2018-09-03,1.12429,1.1271200000000001,1.12314,1.12569,124933
2018-09-04,1.12573,1.12899,1.12411,1.12836,71420
2018-09-05,1.12829,1.1320000000000001,1.12524,1.13001,74252
2018-09-06,1.1298300000000001,1.13107,1.12166,1.12166,73464
2018-09-07,1.12167,1.1244399999999999,1.11825,1.11936,74402
2018-09-10,1.11881,1.13151,1.11844,1.13004,163663
2018-09-11,1.12977,1.13429,1.12628,1.12829,172775
2018-09-12,1.12813,1.13105,1.12679,1.12831,62423
2018-09-13,1.12838,1.13147,1.12611,1.12845,58507
2018-09-14,1.1284,1.13032,1.124,1.12411,53479
2018-09-17,1.1243400000000001,1.12597,1.12298,1.12432,133146
2018-09-18,1.12429,1.1262,1.12218,1.12513,62610
2018-09-19,1.12524,1.13263,1.1235,1.12872,54391
2018-09-20,1.12872,1.13207,1.1272199999999999,1.129,67189
2018-09-21,1.129,1.13076,1.12211,1.12571,66094
2018-09-24,1.12623,1.13358,1.1249500000000001,1.13222,146166
2018-09-25,1.13202,1.13817,1.13199,1.13526,156017
2018-09-26,1.13491,1.13842,1.13313,1.13364,171018
2018-09-27,1.1335600000000001,1.14142,1.13108,1.13741,72270
2018-09-28,1.13728,1.13979,1.12801,1.139,206831
2018-10-01,1.13841,1.14277,1.13638,1.13879,165888
2018-10-02,1.13878,1.1396,1.13117,1.13601,68044
2018-10-03,1.13585,1.14207,1.13572,1.13871,80992
2018-10-04,1.13875,1.14347,1.13653,1.14165,82461
2018-10-05,1.14147,1.1449,1.14104,1.14287,197309
2018-10-08,1.14265,1.1441,1.13806,1.1400000000000001,146213
2018-10-09,1.13997,1.14148,1.13682,1.13938,70571
2018-10-10,1.13953,1.14432,1.13889,1.14038,71368
2018-10-11,1.1405,1.14883,1.13907,1.14701,105704
2018-10-12,1.14706,1.1492,1.14482,1.14629,70976
2018-10-15,1.14319,1.14636,1.14141,1.14285,198889
2018-10-16,1.14285,1.14776,1.14214,1.14644,64129
2018-10-17,1.14575,1.14822,1.14368,1.14447,193844
2018-10-18,1.14382,1.14656,1.13979,1.14012,74770
2018-10-19,1.13978,1.14914,1.13912,1.14693,203400
2018-10-22,1.14591,1.15003,1.14154,1.14181,172761
2018-10-23,1.14158,1.14293,1.13963,1.14108,202587
2018-10-24,1.14086,1.14178,1.13541,1.13656,226402
2018-10-25,1.13645,1.14153,1.13541,1.13642,77829
2018-10-26,1.13642,1.13853,1.13422,1.13656,86053
2018-10-29,1.1363699999999999,1.14084,1.13628,1.13932,70552
2018-10-30,1.13932,1.14182,1.137,1.14024,68922
2018-10-31,1.14024,1.14137,1.13787,1.13994,70842
2018-11-01,1.13994,1.14481,1.13994,1.14257,70918
2018-11-02,1.14257,1.14542,1.14046,1.14265,67365
2018-11-05,1.14186,1.14627,1.14168,1.14565,170725
2018-11-06,1.14552,1.14695,1.14448,1.14537,157533
2018-11-07,1.14532,1.14689,1.14368,1.1451500000000001,86990
2018-11-08,1.14461,1.14694,1.1428,1.14292,65259
2018-11-09,1.14319,1.14377,1.13823,1.13893,59983
2018-11-12,1.13823,1.13988,1.13336,1.13392,198312
2018-11-13,1.1339299999999999,1.13867,1.13341,1.1366100000000001,72174
2018-11-14,1.13702,1.14227,1.13582,1.13742,81359
2018-11-15,1.13762,1.14195,1.13438,1.14002,79817
2018-11-16,1.14059,1.14334,1.1384,1.14082,62676
2018-11-19,1.14089,1.14173,1.13697,1.13787,182447
2018-11-20,1.13798,1.13806,1.13047,1.13091,53099
2018-11-21,1.13112,1.13462,1.1303,1.13195,48138
2018-11-22,1.13212,1.13565,1.13165,1.13372,42939
2018-11-23,1.13357,1.1353900000000001,1.12951,1.12991,44417
2018-11-26,1.13039,1.13414,1.12975,1.1309,144196
2018-11-27,1.13086,1.1324,1.1274899999999999,1.12763,55395
2018-11-28,1.12758,1.13161,1.12602,1.12972,64982
2018-11-29,1.12976,1.1347800000000001,1.12887,1.13441,60018
2018-11-30,1.13427,1.13562,1.12949,1.12989,54628
2018-12-03,1.13305,1.1345399999999999,1.13038,1.13284,141917
2018-12-04,1.13305,1.13479,1.13048,1.13125,65649
2018-12-05,1.13123,1.13306,1.13056,1.13172,44235
2018-12-06,1.13158,1.13188,1.12801,1.12949,71107
2018-12-07,1.12957,1.13093,1.12796,1.12811,64845
2018-12-10,1.12867,1.13075,1.12351,1.12449,141101
2018-12-11,1.12436,1.12579,1.1224,1.1239,61695
2018-12-12,1.12406,1.12969,1.12331,1.12931,66833
2018-12-13,1.12931,1.13012,1.12652,1.12888,64499
2018-12-14,1.12887,1.1294,1.12406,1.12818,61805
2018-12-17,1.1269,1.12909,1.12473,1.12665,180206
2018-12-18,1.12666,1.12967,1.12597,1.12761,59019
2018-12-19,1.12803,1.13436,1.12699,1.13141,71897
2018-12-20,1.13142,1.13486,1.12961,1.13057,79900
2018-12-21,1.13063,1.13233,1.12898,1.13108,81375
2018-12-24,1.13118,1.13438,1.12676,1.12698,49794
2018-12-26,1.1254,1.13081,1.1238,1.13016,77815
2018-12-27,1.13021,1.13112,1.12402,1.1290499999999999,87287
2018-12-28,1.12898,1.12975,1.12142,1.12562,79873
2018-12-31,1.1251,1.1286100000000001,1.12371,1.12597,121627
2019-01-02,1.12494,1.12701,1.12163,1.12297,160325
2019-01-03,1.12282,1.12774,1.11705,1.12399,98793
2019-01-04,1.12397,1.12687,1.12317,1.12396,68645
2019-01-07,1.124,1.1259299999999999,1.12235,1.12393,139980
2019-01-08,1.12392,1.12449,1.12188,1.12257,48678
2019-01-09,1.1226099999999999,1.12649,1.12091,1.12458,109107
2019-01-10,1.12458,1.13242,1.12374,1.13187,102528
2019-01-11,1.13186,1.13392,1.12716,1.12765,60191
2019-01-14,1.12709,1.12869,1.12455,1.12483,48053
2019-01-15,1.12472,1.1289,1.12432,1.12719,69046
2019-01-16,1.12701,1.12957,1.12587,1.12824,50934
2019-01-17,1.12821,1.13306,1.12741,1.13211,57033
2019-01-18,1.13209,1.1337,1.12999,1.13124,49694
2019-01-21,1.131,1.13465,1.1280999999999999,1.13366,95612
2019-01-22,1.13366,1.13426,1.1316,1.13277,52851
2019-01-23,1.13272,1.13464,1.13163,1.1323,54001
2019-01-24,1.13199,1.13301,1.12588,1.1261700000000001,80645
2019-01-25,1.12622,1.1335899999999999,1.12582,1.13275,71492
2019-01-28,1.1323699999999999,1.1345,1.1309,1.13333,125348
2019-01-29,1.1332200000000001,1.13781,1.13292,1.13687,71997
2019-01-30,1.13712,1.1428,1.13652,1.14103,75553
2019-01-31,1.1411,1.14282,1.13713,1.13787,78183
2019-02-01,1.13818,1.14117,1.1375,1.13977,70973
2019-02-04,1.13979,1.14227,1.13917,1.14093,146310
2019-02-05,1.14102,1.14432,1.14012,1.14026,58844
2019-02-06,1.1402700000000001,1.14065,1.13851,1.13882,55295
2019-02-07,1.13893,1.13935,1.13446,1.13642,51821
2019-02-08,1.13632,1.13692,1.13215,1.13219,42121
2019-02-11,1.1322,1.14205,1.13047,1.13194,99137
2019-02-12,1.1320000000000001,1.1406100000000001,1.13172,1.13986,45146
2019-02-13,1.13978,1.14055,1.13606,1.13622,46554
2019-02-14,1.13638,1.13812,1.13481,1.13492,60136
2019-02-15,1.13517,1.13575,1.13313,1.13476,52178
2019-02-18,1.13397,1.1365,1.13347,1.1356,88765
2019-02-19,1.13572,1.1373,1.13323,1.13498,49691
2019-02-20,1.13528,1.13656,1.13349,1.13452,50058
2019-02-21,1.1347800000000001,1.13679,1.13392,1.13453,58529
2019-02-22,1.13466,1.13535,1.13293,1.1335600000000001,44595
2019-02-25,1.13279,1.1368,1.13225,1.13623,105372
2019-02-26,1.13606,1.13898,1.13502,1.1384400000000001,51198
2019-02-27,1.13892,1.13926,1.13512,1.13833,51443
2019-02-28,1.13836,1.13872,1.13289,1.13453,66756
2019-03-01,1.1345399999999999,1.137,1.13352,1.13509,55133
2019-03-04,1.13557,1.13654,1.13153,1.13258,105790
2019-03-05,1.1327,1.13579,1.13123,1.13521,44957
2019-03-06,1.1356600000000001,1.1368800000000001,1.13447,1.1360999999999999,41456
2019-03-07,1.13615,1.13667,1.13132,1.1318,66571
2019-03-08,1.13191,1.1333,1.13069,1.13209,62733
2019-03-11,1.13193,1.13707,1.13146,1.1363699999999999,52296
2019-03-12,1.1363699999999999,1.13842,1.13465,1.13735,74878
2019-03-13,1.13735,1.13795,1.1354,1.13693,60487
2019-03-14,1.13691,1.13746,1.13422,1.13457,62907
2019-03-15,1.13457,1.13723,1.13425,1.13473,45828
2019-03-18,1.1346,1.13647,1.13375,1.13495,35714
2019-03-19,1.13492,1.13583,1.13382,1.1342,36278
2019-03-20,1.1342,1.135,1.13169,1.13209,57321
2019-03-21,1.13214,1.1333199999999999,1.1265,1.1280999999999999,60250
2019-03-22,1.12808,1.12974,1.12112,1.12259,77231
2019-03-25,1.12249,1.12561,1.12203,1.1226,47429
2019-03-26,1.1226,1.12464,1.1199,1.12042,48835
2019-03-27,1.12042,1.12189,1.1172,1.11837,64032
2019-03-28,1.11837,1.12133,1.11645,1.11666,61014
2019-03-29,1.11664,1.12002,1.116,1.11629,57707
2019-04-01,1.11699,1.12032,1.11662,1.11969,57584
2019-04-02,1.12007,1.12024,1.11681,1.11797,53075
2019-04-03,1.11819,1.12155,1.11689,1.12098,46324
2019-04-04,1.12109,1.12243,1.11862,1.12182,46401
2019-04-05,1.12201,1.12391,1.12033,1.12161,40397
2019-04-08,1.12168,1.1256,1.11933,1.12469,35375
2019-04-09,1.12475,1.12791,1.12438,1.12583,47648
2019-04-10,1.12599,1.13036,1.12541,1.12997,53121
2019-04-11,1.13019,1.13137,1.12884,1.12892,43316
2019-04-12,1.12907,1.13309,1.12806,1.1326100000000001,45695
2019-04-15,1.13209,1.13531,1.13205,1.13476,34587
2019-04-16,1.13496,1.1377,1.13405,1.13655,49639
2019-04-17,1.13663,1.14216,1.13612,1.14137,45428
2019-04-18,1.14192,1.14192,1.13649,1.1402,49340
2019-04-19,1.1403699999999999,1.14103,1.13897,1.13972,56648
2019-04-22,1.13941,1.14386,1.13921,1.14295,16732
2019-04-23,1.14331,1.14756,1.14076,1.14495,45277
2019-04-24,1.14493,1.14531,1.13786,1.13803,57961
2019-04-25,1.13806,1.13884,1.1355,1.13568,49644
2019-04-26,1.13573,1.13846,1.13492,1.13591,50025
2019-04-29,1.13567,1.14085,1.13567,1.14035,32248
2019-04-30,1.1403699999999999,1.14444,1.13876,1.14286,52306
2019-05-01,1.14287,1.1439,1.13897,1.13944,48798
2019-05-02,1.13943,1.14266,1.13765,1.13873,44299
2019-05-03,1.13877,1.1396,1.13714,1.13843,45804
2019-05-06,1.13453,1.14075,1.13453,1.13951,44278
2019-05-07,1.13952,1.14388,1.13818,1.1407,49398
2019-05-08,1.14074,1.14288,1.13824,1.14171,59733
2019-05-09,1.14167,1.14275,1.13704,1.13802,63248
2019-05-10,1.13816,1.14086,1.13586,1.1363699999999999,55469
2019-05-13,1.13546,1.13683,1.12913,1.12917,53164
2019-05-14,1.1293199999999999,1.13288,1.12874,1.1299,44075
2019-05-15,1.12989,1.1313,1.12633,1.1297,48558
2019-05-16,1.12979,1.13168,1.12804,1.12828,44494
2019-05-17,1.12832,1.1298300000000001,1.1268799999999999,1.12775,53723
2019-05-20,1.12754,1.12921,1.12562,1.12591,38555
2019-05-21,1.1259299999999999,1.12907,1.12548,1.12819,46013
2019-05-22,1.12818,1.12908,1.12446,1.12565,42457
2019-05-23,1.12571,1.12594,1.1205,1.1216,62592
2019-05-24,1.1216,1.12332,1.11945,1.12221,49257
2019-05-27,1.12132,1.1263,1.12132,1.12341,28307
2019-05-28,1.12342,1.12776,1.12238,1.12445,54925
2019-05-29,1.12453,1.12512,1.12072,1.12215,54602
2019-05-30,1.12227,1.12476,1.12086,1.12149,42216
2019-05-31,1.12147,1.12211,1.11704,1.11762,68923
2019-06-03,1.11753,1.12039,1.11186,1.11555,77868
2019-06-04,1.11554,1.119,1.11484,1.11602,74323
2019-06-05,1.11621,1.11957,1.11359,1.11604,76879
2019-06-06,1.11602,1.1197,1.11511,1.11771,72284
2019-06-07,1.11777,1.12063,1.11672,1.11923,67661
2019-06-10,1.11914,1.12094,1.1185100000000001,1.11949,54803
2019-06-11,1.1195,1.1243,1.11818,1.12377,61991
2019-06-12,1.12381,1.12634,1.12241,1.12349,64857
2019-06-13,1.12354,1.1249,1.1199,1.12063,59449
2019-06-14,1.12056,1.12269,1.11916,1.1192,66831
2019-06-17,1.11898,1.12213,1.11884,1.12082,43301
2019-06-18,1.12071,1.12126,1.11723,1.11958,78975
2019-06-19,1.11941,1.12107,1.11536,1.11596,66185
2019-06-20,1.11592,1.11626,1.10558,1.10828,88013
2019-06-21,1.10826,1.1126,1.10651,1.10975,79521
2019-06-24,1.1097,1.11299,1.10643,1.10764,61910
2019-06-25,1.1078000000000001,1.11237,1.10612,1.10885,80455
2019-06-26,1.10885,1.11235,1.10755,1.11159,79917
2019-06-27,1.11159,1.11444,1.1097,1.11016,64612
2019-06-28,1.11013,1.11226,1.10817,1.1099,62747
2019-07-01,1.10986,1.1161,1.10986,1.1145,70386
2019-07-02,1.1145,1.11711,1.11238,1.11295,62150
2019-07-03,1.11286,1.11358,1.11069,1.11252,56568
2019-07-04,1.1125099999999999,1.11377,1.11101,1.11151,29923
2019-07-05,1.1115,1.11469,1.11049,1.11297,59028
2019-07-08,1.11294,1.11528,1.11123,1.11445,20089
2019-07-09,1.11442,1.11577,1.11226,1.11352,35667
2019-07-10,1.11344,1.11447,1.11198,1.11314,43204
2019-07-11,1.11309,1.11473,1.11048,1.11411,40231
2019-07-12,1.11414,1.11543,1.10713,1.10886,44213
2019-07-15,1.10844,1.11031,1.10655,1.10824,35078
2019-07-16,1.10816,1.10937,1.1056300000000001,1.10723,36254
2019-07-17,1.10722,1.11102,1.10697,1.10819,27977
2019-07-18,1.10819,1.10892,1.10597,1.10665,40940
2019-07-19,1.10666,1.10826,1.10115,1.10129,36936
2019-07-22,1.10149,1.10352,1.09989,1.10054,29815
2019-07-23,1.10053,1.10192,1.09708,1.09852,34019
2019-07-24,1.09852,1.10047,1.09687,1.09691,32274
2019-07-25,1.0969,1.10548,1.09623,1.10431,45907
2019-07-26,1.10425,1.10629,1.10375,1.10517,35195
2019-07-29,1.10464,1.10589,1.10249,1.10499,28439
2019-07-30,1.10492,1.10545,1.10288,1.10457,43356
2019-07-31,1.10458,1.10618,1.10028,1.10094,53835
2019-08-01,1.10094,1.1019,1.0969,1.09756,75611
2019-08-02,1.09756,1.09758,1.09064,1.09091,79852
2019-08-05,1.09275,1.09313,1.08629,1.09045,87203
2019-08-06,1.09041,1.09534,1.08937,1.09329,83128
2019-08-07,1.0933,1.09579,1.08927,1.09215,98279
2019-08-08,1.09215,1.09554,1.08974,1.08974,68097
2019-08-09,1.08974,1.09302,1.08875,1.08916,54624
2019-08-12,1.08922,1.09016,1.08671,1.08681,58448
2019-08-13,1.08678,1.09221,1.08407,1.09086,79760
2019-08-14,1.09087,1.09138,1.08376,1.08396,89537
2019-08-15,1.08405,1.08735,1.0835,1.08439,100667
2019-08-16,1.0843,1.08771,1.08374,1.08513,67180
2019-08-19,1.08455,1.08977,1.08314,1.08698,51953
2019-08-20,1.0872,1.0881,1.08442,1.08506,52855
2019-08-21,1.08473,1.08949,1.08473,1.0889199999999999,51229
2019-08-22,1.08865,1.09188,1.08746,1.08968,56544
2019-08-23,1.08964,1.09274,1.08539,1.08579,69862
2019-08-26,1.08479,1.0902,1.08372,1.08643,82642
2019-08-27,1.08643,1.09157,1.0858,1.08812,54506
2019-08-28,1.08769,1.09021,1.08643,1.0873,48971
2019-08-29,1.0873,1.09131,1.08603,1.09072,52433
2019-08-30,1.09072,1.09232,1.08672,1.08744,56930
2019-09-02,1.08748,1.08927,1.0858,1.08619,32325
2019-09-03,1.08573,1.08658,1.08189,1.08275,53458
2019-09-04,1.08275,1.08593,1.08107,1.08194,48592
2019-09-05,1.08198,1.09126,1.08134,1.08782,47663
2019-09-06,1.08782,1.09305,1.08735,1.08874,49564
2019-09-09,1.08875,1.09619,1.0883099999999999,1.09564,41751
2019-09-10,1.09564,1.09678,1.09152,1.09483,43333
2019-09-11,1.09483,1.09706,1.09102,1.09305,40293
2019-09-12,1.09305,1.09683,1.08499,1.09542,64643
2019-09-13,1.0954,1.09741,1.09269,1.09616,50675
2019-09-16,1.09344,1.09586,1.09115,1.092,48297
2019-09-17,1.092,1.09968,1.09093,1.09943,47711
2019-09-18,1.09943,1.10182,1.09843,1.09974,46749
2019-09-19,1.09974,1.10172,1.09561,1.09578,56325
2019-09-20,1.09578,1.0969,1.09111,1.0919,49937
2019-09-23,1.09225,1.09287,1.08559,1.08794,44640
2019-09-24,1.08781,1.08965,1.08434,1.08572,49400
2019-09-25,1.08572,1.08669,1.08317,1.08493,49381
2019-09-26,1.08493,1.08751,1.08436,1.08467,45486
2019-09-27,1.08452,1.08646,1.08322,1.08434,44401
2019-09-30,1.08441,1.08861,1.08346,1.08727,44198
2019-10-01,1.08727,1.09205,1.08512,1.08548,54271
2019-10-02,1.08548,1.0953,1.08489,1.09237,59136
2019-10-03,1.09215,1.09789,1.0918,1.09511,61851
2019-10-04,1.09508,1.09771,1.09087,1.09235,57214
2019-10-07,1.0913,1.09375,1.08963,1.09114,48830
2019-10-08,1.09088,1.0927,1.0871,1.08772,63191
2019-10-09,1.08768,1.09301,1.0869,1.09246,52380
2019-10-10,1.09246,1.09767,1.08984,1.09696,71850
2019-10-11,1.09673,1.10385,1.09645,1.09993,66311
2019-10-14,1.10009,1.10097,1.0971,1.09882,43049
2019-10-15,1.09872,1.10271,1.0971899999999999,1.1017,61618
2019-10-16,1.10172,1.10312,1.09923,1.10121,59788
2019-10-17,1.10098,1.10585,1.09741,1.09859,58736
2019-10-18,1.09859,1.10079,1.09741,1.0991900000000001,49477
2019-10-21,1.0983,1.1008,1.09795,1.09856,45875
2019-10-22,1.09828,1.10227,1.09828,1.10065,49707
2019-10-23,1.10058,1.10303,1.09929,1.10204,46275
2019-10-24,1.10154,1.1041,1.10056,1.10167,50238
2019-10-25,1.1016,1.10301,1.10033,1.10175,45332
2019-10-28,1.10129,1.10578,1.10094,1.10387,34094
2019-10-29,1.10391,1.1049,1.1020699999999999,1.10436,36266
2019-10-30,1.10436,1.10489,1.10129,1.10296,50675
2019-10-31,1.10278,1.10347,1.09912,1.09982,54151
2019-11-01,1.09982,1.10262,1.09949,1.10025,49523
2019-11-04,1.10041,1.10341,1.09895,1.09895,38883
2019-11-05,1.09895,1.10286,1.09786,1.09915,51913
2019-11-06,1.09915,1.10152,1.0977999999999999,1.09837,43201
2019-11-07,1.09817,1.10119,1.09738,1.09921,58309
2019-11-08,1.09921,1.10048,1.09745,1.09912,44409
2019-11-11,1.09865,1.09941,1.09568,1.09579,29765
2019-11-12,1.09579,1.09792,1.09265,1.09312,40280
2019-11-13,1.0929,1.09369,1.08779,1.08955,40342
2019-11-14,1.08951,1.09027,1.08623,1.08853,39821
2019-11-15,1.08842,1.09458,1.08841,1.09368,32909
2019-11-18,1.09252,1.09616,1.09244,1.09548,36050
2019-11-19,1.09543,1.09861,1.09362,1.09715,36146
2019-11-20,1.09715,1.10006,1.09511,1.09712,44552
2019-11-21,1.09691,1.1003,1.09552,1.09816,42980
2019-11-22,1.09814,1.10105,1.0976,1.09889,42091
2019-11-25,1.09885,1.10001,1.09664,1.09734,35433
2019-11-26,1.09735,1.09994,1.09669,1.09883,35239
2019-11-27,1.09883,1.09998,1.09793,1.09887,35840
2019-11-28,1.09866,1.1002399999999999,1.09843,1.09891,26536
2019-11-29,1.09891,1.10224,1.09875,1.10155,32852
2019-12-02,1.10128,1.10267,1.09803,1.09808,38666
2019-12-03,1.09806,1.09923,1.09267,1.09367,39572
2019-12-04,1.09366,1.09683,1.09206,1.09488,41924
2019-12-05,1.0947,1.0982,1.09405,1.0959699999999999,35044
2019-12-06,1.09566,1.098,1.09422,1.0949200000000001,36471
2019-12-09,1.09557,1.09669,1.09262,1.0927,29441
2019-12-10,1.09299,1.09364,1.09112,1.09192,32138
2019-12-11,1.09175,1.09447,1.09097,1.09391,37139
2019-12-12,1.09353,1.09758,1.09229,1.0955,49797
2019-12-13,1.09537,1.10316,1.09323,1.09405,63227
2019-12-16,1.09323,1.09672,1.09323,1.09456,33307
2019-12-17,1.0946,1.09673,1.09238,1.09337,33711
2019-12-18,1.09324,1.09334,1.0893,1.08942,31504
2019-12-19,1.08946,1.09259,1.08667,1.08806,33769
2019-12-20,1.08747,1.09064,1.08648,1.08806,33426
2019-12-23,1.08729,1.08965,1.08607,1.08823,29477
2019-12-24,1.08823,1.08977,1.08556,1.08663,23957
2019-12-26,1.0858,1.08965,1.08576,1.08845,13818
2019-12-27,1.08791,1.09044,1.08691,1.0892,35658
2019-12-30,1.08853,1.09029,1.08488,1.08561,36364
2019-12-31,1.08561,1.0883099999999999,1.08393,1.08522,33962
2020-01-02,1.08371,1.08772,1.0834,1.08495,38407
2020-01-03,1.08481,1.08577,1.08231,1.08475,45261
2020-01-06,1.08285,1.0859,1.08285,1.08354,38211
2020-01-07,1.08369,1.08598,1.08077,1.08189,44284
2020-01-08,1.08135,1.08281,1.07817,1.0814,57482
2020-01-09,1.08125,1.08322,1.07939,1.08059,36823
2020-01-10,1.08046,1.0829,1.07993,1.08177,31221
2020-01-13,1.08072,1.08327,1.07968,1.08058,31054
2020-01-14,1.08006,1.08199,1.07589,1.07629,40498
2020-01-15,1.07608,1.0776,1.07416,1.07473,40421
2020-01-16,1.07462,1.07585,1.07325,1.07446,36224
2020-01-17,1.07351,1.07564,1.07301,1.07309,33662
2020-01-20,1.07293,1.07493,1.0719400000000001,1.074,23865
2020-01-21,1.07389,1.07507,1.07303,1.07332,35325
2020-01-22,1.07359,1.07871,1.07308,1.07356,32801
2020-01-23,1.07338,1.07465,1.07014,1.07141,36372
2020-01-24,1.07062,1.07222,1.06999,1.0706,32584
2020-01-27,1.06972,1.07164,1.06761,1.06808,34252
2020-01-28,1.0679,1.07261,1.06645,1.0723,29313
2020-01-29,1.07208,1.07372,1.07095,1.07146,28285
2020-01-30,1.07124,1.0722,1.06805,1.0693,36577
2020-01-31,1.06901,1.07058,1.06762,1.06875,38533
2020-02-03,1.06764,1.06927,1.06629,1.0685,36596
2020-02-04,1.06788,1.07166,1.06721,1.07046,35073
2020-02-05,1.06983,1.07274,1.0689899999999999,1.07052,35434
2020-02-06,1.07042,1.07237,1.06948,1.07024,33436
2020-02-07,1.06995,1.07098,1.0679,1.06973,39776
2020-02-10,1.0686,1.07126,1.06596,1.0664,41158
2020-02-11,1.06597,1.06784,1.06483,1.06508,38831
2020-02-12,1.06495,1.06616,1.06305,1.06356,41849
2020-02-13,1.06328,1.06383,1.06089,1.06159,42092
2020-02-14,1.0615,1.06499,1.06056,1.06362,32908
2020-02-17,1.06373,1.06498,1.06245,1.06248,27372
2020-02-18,1.06248,1.06287,1.06082,1.06092,39810
2020-02-19,1.06067,1.0634,1.06067,1.06312,39092
2020-02-20,1.06297,1.06336,1.06057,1.06121,51753
2020-02-21,1.0605,1.06236,1.06043,1.06106,47809
2020-02-24,1.06064,1.06258,1.05894,1.06221,60767
2020-02-25,1.062,1.06344,1.05929,1.06191,58012
2020-02-26,1.06157,1.06361,1.05988,1.06271,60504
2020-02-27,1.06254,1.06711,1.06159,1.06416,66165
2020-02-28,1.06426,1.06582,1.05846,1.0644,79628
2020-03-02,1.06361,1.07055,1.06244,1.06757,81242
2020-03-03,1.0671,1.07093,1.06292,1.06827,88761
2020-03-04,1.06719,1.07032,1.06197,1.06559,63865
2020-03-05,1.06471,1.06751,1.06158,1.06208,59857
2020-03-06,1.06209,1.06233,1.05743,1.05825,96057
2020-03-09,1.05806,1.06379,1.05412,1.05804,107236
2020-03-10,1.05797,1.06447,1.05594,1.05984,108855
2020-03-11,1.05989,1.06096,1.05686,1.05692,86196
2020-03-12,1.05699,1.05912,1.05403,1.05518,111883
2020-03-13,1.05523,1.0618,1.0549,1.05568,126056
2020-03-16,1.055,1.05897,1.05374,1.05796,145101
2020-03-17,1.05796,1.06048,1.05444,1.05669,106230
2020-03-18,1.05669,1.05842,1.05308,1.05548,124001
2020-03-19,1.05533,1.06007,1.05239,1.05352,135600
2020-03-20,1.05335,1.05565,1.05206,1.05406,134442
2020-03-23,1.05345,1.05995,1.05246,1.05587,125964
2020-03-24,1.05521,1.06,1.05394,1.05855,96515
2020-03-25,1.05853,1.06366,1.05774,1.06259,92864
2020-03-26,1.06201,1.0653,1.06063,1.06203,99094
2020-03-27,1.06152,1.0635,1.0563,1.05919,111213
2020-03-30,1.05948,1.06004,1.05505,1.05783,72086
2020-03-31,1.05783,1.06214,1.05616,1.05925,73037
2020-04-01,1.05925,1.06045,1.05571,1.05768,57999
2020-04-02,1.05797,1.05927,1.05454,1.05616,62587
2020-04-03,1.05624,1.05763,1.05423,1.0555,58875
2020-04-06,1.05525,1.05803,1.05492,1.05596,55530
2020-04-07,1.05596,1.05934,1.05498,1.05602,57489
2020-04-08,1.05588,1.0567,1.0546,1.0546,55667
2020-04-09,1.05445,1.05816,1.05417,1.05597,56308
2020-04-10,1.05601,1.05708,1.05506,1.05521,29446
2020-04-13,1.05642,1.05666,1.05491,1.05542,42297
2020-04-14,1.05487,1.05588,1.05321,1.0544,51055
2020-04-15,1.05399,1.05509,1.05224,1.05224,52398
2020-04-16,1.05187,1.05268,1.05076,1.05148,46911
2020-04-17,1.05121,1.0527,1.05073,1.05153,50503
2020-04-20,1.05158,1.05229,1.05117,1.0512299999999999,38585
2020-04-21,1.0512299999999999,1.05308,1.05058,1.05233,35931
2020-04-22,1.05233,1.05308,1.05125,1.05135,37788
2020-04-23,1.05045,1.05302,1.04967,1.05155,48937
2020-04-24,1.05144,1.05367,1.05085,1.05304,44424
2020-04-27,1.05143,1.0579,1.05136,1.05581,41506
2020-04-28,1.05527,1.06108,1.05446,1.05456,44151
2020-04-29,1.0544,1.06082,1.05362,1.0588899999999999,43572
2020-04-30,1.0588899999999999,1.05982,1.05458,1.05746,49886
2020-05-01,1.0572300000000001,1.05807,1.0551,1.05528,38547
2020-05-04,1.05438,1.05634,1.05222,1.05235,41378
2020-05-05,1.05193,1.05553,1.05151,1.05402,41408
2020-05-06,1.05341,1.05444,1.05202,1.05238,41261
2020-05-07,1.05197,1.05419,1.05197,1.05385,46495
2020-05-08,1.05385,1.05454,1.05219,1.05224,35534
2020-05-11,1.05134,1.05316,1.05122,1.0512299999999999,36735
2020-05-12,1.0512299999999999,1.0522,1.05094,1.05101,37357
2020-05-13,1.05101,1.05316,1.05052,1.05141,40954
2020-05-14,1.0512299999999999,1.052,1.05038,1.05127,39362
2020-05-15,1.05114,1.05258,1.05075,1.05127,37511
2020-05-18,1.05097,1.0661,1.04967,1.05949,39984
2020-05-19,1.0596,1.06552,1.05941,1.06091,44775
2020-05-20,1.06079,1.06175,1.0577,1.05921,38064
2020-05-21,1.05916,1.06501,1.05838,1.06243,42223
2020-05-22,1.06223,1.06319,1.05806,1.05862,40466
2020-05-25,1.0576699999999999,1.05977,1.05757,1.05824,34163
2020-05-26,1.05821,1.06324,1.05779,1.06012,41922
2020-05-27,1.05995,1.06974,1.05883,1.06522,55150
2020-05-28,1.06523,1.0697,1.06452,1.06771,49474
2020-05-29,1.06766,1.07251,1.06602,1.06753,53122
2020-06-01,1.06803,1.07086,1.06681,1.06964,40205
2020-06-02,1.06964,1.07641,1.06847,1.0747,51439
2020-06-03,1.0747,1.0818699999999999,1.07412,1.07959,52852
2020-06-04,1.07943,1.08603,1.07432,1.08322,57527
2020-06-05,1.08288,1.09146,1.08216,1.08599,55879
2020-06-08,1.08528,1.08889,1.08006,1.08141,46731
2020-06-09,1.08127,1.08279,1.07452,1.07794,56448
2020-06-10,1.07793,1.0789900000000001,1.07252,1.07323,66544
2020-06-11,1.07336,1.07468,1.06553,1.06658,74403
2020-06-12,1.06583,1.07271,1.06485,1.07186,69080
2020-06-15,1.07023,1.07469,1.0672,1.0746,73563
2020-06-16,1.07447,1.07681,1.06832,1.07126,65272
2020-06-17,1.07078,1.07219,1.06587,1.06645,61090
2020-06-18,1.06627,1.06894,1.06519,1.06606,54255
2020-06-19,1.06541,1.06771,1.06352,1.06437,47381
2020-06-22,1.06325,1.0674,1.06324,1.06719,44576
2020-06-23,1.06699,1.07108,1.06597,1.06821,55942
2020-06-24,1.06821,1.06924,1.0659399999999999,1.06638,51896
2020-06-25,1.06541,1.06759,1.06347,1.06383,52632
2020-06-26,1.06364,1.06439,1.06272,1.06369,43716
2020-06-29,1.0628,1.06953,1.0628,1.06913,49451
2020-06-30,1.06809,1.06979,1.06304,1.06401,56963
2020-07-01,1.06401,1.06608,1.06114,1.06403,50484
2020-07-02,1.06359,1.06605,1.06169,1.06233,50818
2020-07-03,1.06192,1.0637,1.06101,1.06166,37146
2020-07-06,1.06169,1.06551,1.06136,1.06543,49196
2020-07-07,1.06543,1.06652,1.06206,1.06222,44937
2020-07-08,1.06222,1.06401,1.0614,1.06292,53878
2020-07-09,1.06238,1.06463,1.06044,1.06076,49227
2020-07-10,1.0608,1.06391,1.05928,1.06327,47315
2020-07-13,1.0627,1.07019,1.06266,1.06792,47463
2020-07-14,1.06792,1.07157,1.06497,1.07142,56707
2020-07-15,1.07027,1.07867,1.06994,1.07727,56231
2020-07-16,1.07653,1.0796000000000001,1.07464,1.076,53302
2020-07-17,1.0759,1.0768,1.07225,1.0723799999999999,49420
2020-07-20,1.07284,1.07752,1.0719400000000001,1.07461,63382
2020-07-21,1.07461,1.07581,1.07212,1.07532,68919
2020-07-22,1.07447,1.07941,1.07413,1.07545,73360
2020-07-23,1.07545,1.07613,1.07145,1.07288,68066
2020-07-24,1.07175,1.07484,1.07115,1.07305,67358
2020-07-27,1.07175,1.08373,1.07172,1.08087,62819
2020-07-28,1.08071,1.08264,1.07427,1.07529,60366
2020-07-29,1.07473,1.0782,1.07444,1.07587,59987
2020-07-30,1.07587,1.07732,1.07329,1.07664,63008
2020-07-31,1.07664,1.07966,1.0745,1.07546,76530
2020-08-03,1.07413,1.08376,1.07413,1.07929,64239
2020-08-04,1.07929,1.08103,1.07383,1.07774,62722
2020-08-05,1.07769,1.07921,1.07609,1.07761,62332
2020-08-06,1.07614,1.08211,1.07513,1.08035,71501
2020-08-07,1.08035,1.0812599999999999,1.0753,1.07545,67197
2020-08-10,1.07495,1.07918,1.0745,1.07462,51713
2020-08-11,1.07462,1.07907,1.07339,1.07613,66153
2020-08-12,1.07594,1.07863,1.07376,1.07467,72169
2020-08-13,1.07346,1.07896,1.0731,1.07457,60806
2020-08-14,1.07451,1.07713,1.07396,1.07651,48591
2020-08-17,1.07552,1.07839,1.07446,1.07599,44421
2020-08-18,1.07435,1.07892,1.07435,1.07808,52090
2020-08-19,1.07734,1.08483,1.07689,1.08262,64379
2020-08-20,1.08261,1.08409,1.07611,1.07638,65265
2020-08-21,1.075,1.07772,1.07354,1.07544,58163
2020-08-24,1.07497,1.07743,1.07413,1.07478,49485
2020-08-25,1.07445,1.07671,1.0731,1.07407,51979
2020-08-26,1.07362,1.07583,1.07312,1.07444,53780
2020-08-27,1.0725500000000001,1.07596,1.07211,1.07452,70247
2020-08-28,1.07452,1.07672,1.07313,1.07616,61967
2020-08-31,1.07558,1.07886,1.07459,1.07854,49506
2020-09-01,1.07854,1.08766,1.07718,1.08297,61717
2020-09-02,1.0828,1.08504,1.07741,1.07761,60086
2020-09-03,1.07761,1.08003,1.07583,1.0771,53474
2020-09-04,1.0771,1.0824799999999999,1.07588,1.08123,52942
2020-09-07,1.08108,1.08345,1.0798,1.08177,36133
2020-09-08,1.08177,1.0846,1.07965,1.07965,55528
2020-09-09,1.07964,1.08166,1.07642,1.07657,66646
2020-09-10,1.07657,1.07866,1.07495,1.07548,58932
2020-09-11,1.07518,1.07875,1.07512,1.0765500000000001,46667
2020-09-14,1.07497,1.07773,1.07497,1.07697,41431
2020-09-15,1.07697,1.07852,1.07519,1.07554,47521
2020-09-16,1.07554,1.0765,1.0735,1.0735,47430
2020-09-17,1.0735,1.0763,1.07264,1.07544,58679
2020-09-18,1.07452,1.0794,1.07452,1.079,49555
2020-09-21,1.0792,1.07987,1.07393,1.0763,60337
2020-09-22,1.07493,1.07742,1.07448,1.07524,52437
2020-09-23,1.07524,1.0783800000000001,1.07513,1.07681,58384
2020-09-24,1.07681,1.08177,1.07544,1.0802100000000001,53340
2020-09-25,1.08022,1.082,1.079,1.08016,49710
2020-09-28,1.07874,1.08293,1.07728,1.07768,45895
2020-09-29,1.07752,1.08166,1.0772599999999999,1.07924,49859
2020-09-30,1.07917,1.08159,1.07616,1.07867,58397
2020-10-01,1.07831,1.08045,1.07651,1.0778699999999999,62302
2020-10-02,1.07808,1.07958,1.07673,1.0783800000000001,56116
2020-10-05,1.07592,1.07921,1.07342,1.07796,43811
2020-10-06,1.07775,1.07888,1.07634,1.07634,51173
2020-10-07,1.07635,1.07958,1.07635,1.07767,44102
2020-10-08,1.07759,1.07997,1.07759,1.07766,41470
2020-10-09,1.07766,1.07889,1.07538,1.07583,41287
2020-10-12,1.07563,1.07732,1.07318,1.07318,36251
2020-10-13,1.07354,1.07461,1.07248,1.074,41504
2020-10-14,1.07415,1.07486,1.0724,1.07274,41339
2020-10-15,1.07266,1.07325,1.06877,1.07009,44275
2020-10-16,1.07009,1.07293,1.0694,1.07186,46955
2020-10-19,1.07154,1.07278,1.07034,1.0705,39084
2020-10-20,1.0705,1.0733,1.07032,1.07214,37933
2020-10-21,1.07214,1.07393,1.07099,1.07343,45129
2020-10-22,1.07343,1.07478,1.07136,1.07162,39289
2020-10-23,1.07162,1.07286,1.07008,1.07214,40371
2020-10-26,1.07243,1.07272,1.07066,1.0719400000000001,34245
2020-10-27,1.07164,1.0747,1.0714299999999999,1.07163,33315
2020-10-28,1.07159,1.07186,1.06758,1.06932,42603
2020-10-29,1.06918,1.0702099999999999,1.06768,1.06788,45908
2020-10-30,1.06763,1.0701,1.06708,1.06751,43246
2020-11-02,1.06729,1.07046,1.0667200000000001,1.06941,39538
2020-11-03,1.06881,1.07181,1.06806,1.06811,36107
2020-11-04,1.06811,1.07131,1.06593,1.06823,62610
2020-11-05,1.06823,1.07262,1.0665,1.06954,50547
2020-11-06,1.06933,1.07007,1.06752,1.0689899999999999,44332
2020-11-09,1.06828,1.08072,1.0679,1.07798,62956
2020-11-10,1.07798,1.08218,1.07768,1.08073,53137
2020-11-11,1.07913,1.08235,1.07813,1.07941,42480
2020-11-12,1.07941,1.08076,1.07806,1.07989,36854
2020-11-13,1.07837,1.08157,1.07837,1.07973,35860
2020-11-16,1.08029,1.08268,1.07876,1.08141,41424
2020-11-17,1.08141,1.08202,1.0802,1.08071,36078
2020-11-18,1.08089,1.0824,1.07892,1.07917,32797
2020-11-19,1.07928,1.0818,1.07893,1.08081,37269
2020-11-20,1.08039,1.08223,1.07941,1.08012,33147
2020-11-23,1.07973,1.0817,1.07941,1.08016,34354
2020-11-24,1.08016,1.0849,1.07969,1.08246,35910
2020-11-25,1.08246,1.08706,1.08156,1.08158,36603
2020-11-26,1.08158,1.08314,1.07884,1.07892,24593
2020-11-27,1.07918,1.08269,1.07884,1.08122,28706
2020-11-30,1.08061,1.08585,1.08025,1.08246,35974
2020-12-01,1.08132,1.08643,1.08132,1.08439,36040
2020-12-02,1.08481,1.08712,1.08125,1.08337,41466
2020-12-03,1.08337,1.084,1.08103,1.08134,35787
2020-12-04,1.08181,1.0848,1.07969,1.08073,37454
2020-12-07,1.0836,1.0836,1.07767,1.07767,37946
2020-12-08,1.07767,1.07984,1.07547,1.07547,35533
2020-12-09,1.07538,1.07829,1.07397,1.07397,33056
2020-12-10,1.0735,1.07691,1.07349,1.07537,39598
2020-12-11,1.07537,1.07887,1.0742099999999999,1.07732,30705
2020-12-14,1.07764,1.07916,1.07622,1.07664,33424
2020-12-15,1.07557,1.0785,1.07557,1.07584,33157
2020-12-16,1.07555,1.08064,1.07547,1.07874,37065
2020-12-17,1.07874,1.08574,1.07795,1.08397,34259
2020-12-18,1.08418,1.08588,1.08161,1.08218,29438
2020-12-21,1.08144,1.08464,1.07972,1.08357,44433
2020-12-22,1.08355,1.08443,1.08104,1.08104,32549
2020-12-23,1.08097,1.08577,1.08092,1.08184,33028
2020-12-24,1.08184,1.08637,1.08139,1.08489,21814
2020-12-28,1.08405,1.08914,1.084,1.08483,27978
2020-12-29,1.08478,1.0875,1.08199,1.0822,31152
2020-12-30,1.08212,1.08623,1.08174,1.08364,32027
2020-12-31,1.08287,1.08452,1.07976,1.08096,29747
2021-01-04,1.08036,1.08307,1.07864,1.07864,41330
2021-01-05,1.07833,1.08189,1.07807,1.0798,38728
2021-01-06,1.07896,1.08371,1.07896,1.08231,50454
2021-01-07,1.08153,1.08673,1.08151,1.08594,41017
2021-01-08,1.08458,1.08626,1.08166,1.08186,42840
2021-01-11,1.08166,1.084,1.08127,1.08141,41286
2021-01-12,1.081,1.08306,1.08042,1.08182,38306
2021-01-13,1.0815,1.0822,1.07834,1.0788,36066
2021-01-14,1.07785,1.0814,1.0775,1.07893,43348
2021-01-15,1.07862,1.07957,1.07498,1.07637,38767
2021-01-18,1.07468,1.07699,1.07384,1.07516,31308
2021-01-19,1.07517,1.07803,1.07515,1.07765,31198
2021-01-20,1.07704,1.07915,1.07659,1.07677,34313
2021-01-21,1.0760399999999999,1.07853,1.07556,1.07677,35065
2021-01-22,1.07571,1.07834,1.07555,1.07719,35439
2021-01-25,1.07606,1.07874,1.07606,1.07807,40524
2021-01-26,1.07759,1.07993,1.07697,1.07818,37983
2021-01-27,1.07766,1.0784799999999999,1.07481,1.07586,46108
2021-01-28,1.07512,1.07885,1.07512,1.07679,47626
2021-01-29,1.07577,1.08116,1.07555,1.08106,50190
2021-02-01,1.07901,1.08263,1.0783800000000001,1.08182,48067
2021-02-02,1.08096,1.08322,1.07982,1.08056,39782
2021-02-03,1.08012,1.08189,1.0795,1.08172,34262
2021-02-04,1.08125,1.08225,1.08086,1.08142,36605
2021-02-05,1.08071,1.08346,1.08067,1.08313,36394
2021-02-08,1.08171,1.08453,1.08171,1.08283,34849
2021-02-09,1.08154,1.08329,1.08039,1.08117,36691
2021-02-10,1.08068,1.08181,1.07855,1.0787,34357
2021-02-11,1.07808,1.08069,1.07808,1.07946,27023
2021-02-12,1.07829,1.08102,1.07829,1.08087,23046
2021-02-15,1.08041,1.08193,1.07874,1.07918,16337
2021-02-16,1.0791,1.08073,1.0787,1.08016,26959
2021-02-17,1.0789900000000001,1.08239,1.0789900000000001,1.08179,32539
2021-02-18,1.08099,1.08358,1.0808200000000001,1.083,24634
2021-02-19,1.08221,1.087,1.08207,1.08632,22000
2021-02-22,1.08541,1.0915,1.08518,1.08912,29740
2021-02-23,1.08804,1.09983,1.08799,1.09966,32663
2021-02-24,1.09684,1.10556,1.09679,1.10287,47086
2021-02-25,1.10276,1.10966,1.10111,1.10111,54616
2021-02-26,1.10098,1.10204,1.09555,1.09683,65476
2021-03-01,1.09595,1.10307,1.09544,1.10204,49367
2021-03-02,1.10181,1.10562,1.10026,1.10536,50597
2021-03-03,1.10347,1.10983,1.10342,1.10946,42847
2021-03-04,1.1078000000000001,1.1151,1.10748,1.11167,46480
2021-03-05,1.111,1.11231,1.10539,1.10904,53091
2021-03-08,1.10597,1.10999,1.10597,1.10927,43304
2021-03-09,1.10749,1.11181,1.10328,1.10358,41715
2021-03-10,1.1042399999999999,1.10919,1.1025800000000001,1.10868,41444
2021-03-11,1.1073,1.11007,1.10481,1.10769,37215
2021-03-12,1.10492,1.11127,1.10418,1.11041,34898
2021-03-15,1.11057,1.11072,1.106,1.10617,34431
2021-03-16,1.10581,1.10757,1.1004,1.10045,31924
2021-03-17,1.10051,1.10606,1.09957,1.10501,33674
2021-03-18,1.10428,1.10837,1.10292,1.10499,38200
2021-03-19,1.10306,1.10778,1.103,1.10608,31895
2021-03-22,1.10446,1.1063,1.10071,1.10155,30008
2021-03-23,1.10129,1.10796,1.10015,1.10634,32150
2021-03-24,1.10576,1.10759,1.10486,1.1049,31899
2021-03-25,1.1048499999999999,1.10735,1.10419,1.10577,33175
2021-03-26,1.10418,1.10939,1.10418,1.10696,27817
2021-03-29,1.10622,1.10775,1.10364,1.10475,27839
2021-03-30,1.10324,1.10684,1.10322,1.1034,28396
2021-03-31,1.10312,1.10904,1.10282,1.1067,30185
2021-04-01,1.1055,1.11173,1.1055,1.10877,31793
2021-04-02,1.10786,1.10961,1.10665,1.10777,11858
2021-04-05,1.10799,1.10937,1.10492,1.10553,19624
2021-04-06,1.10524,1.10867,1.10435,1.10508,28915
2021-04-07,1.10469,1.10598,1.10224,1.10321,31063
2021-04-08,1.10225,1.10406,1.10049,1.10072,25302
2021-04-09,1.10101,1.10183,1.0992,1.10019,28316
2021-04-12,1.09952,1.10145,1.09745,1.09813,22589
2021-04-13,1.09898,1.10126,1.09764,1.09973,28067
2021-04-14,1.09942,1.10596,1.09942,1.10527,26130
2021-04-15,1.10408,1.10627,1.10293,1.1032,27249
2021-04-16,1.10281,1.10386,1.10006,1.1020699999999999,23464
2021-04-19,1.10111,1.10293,1.09922,1.1014599999999999,25434
2021-04-20,1.09943,1.10471,1.09932,1.10184,25209
2021-04-21,1.10118,1.10426,1.10079,1.10306,24691
2021-04-22,1.10203,1.10469,1.10111,1.10111,26284
2021-04-23,1.10105,1.1052,1.10105,1.10494,25140
2021-04-26,1.10381,1.10703,1.10381,1.10451,21679
2021-04-27,1.1038000000000001,1.10621,1.10231,1.10449,25180
2021-04-28,1.10285,1.10745,1.10199,1.10201,32126
2021-04-29,1.10219,1.10416,1.10114,1.10134,26300
2021-04-30,1.10026,1.10219,1.09725,1.09745,27576
2021-05-03,1.09663,1.10169,1.09663,1.09884,22844
2021-05-04,1.09775,1.10105,1.09661,1.0969,31094
2021-05-05,1.09652,1.09884,1.09523,1.09563,24137
2021-05-06,1.09455,1.09715,1.09411,1.0944,28248
2021-05-07,1.0937999999999999,1.09757,1.09347,1.0951,31512
2021-05-10,1.09474,1.09626,1.09283,1.09284,30881
2021-05-11,1.09205,1.09878,1.09203,1.09708,29907
2021-05-12,1.09648,1.09831,1.09543,1.09685,34262
2021-05-13,1.096,1.09847,1.09364,1.09372,34109
2021-05-14,1.0937000000000001,1.09609,1.09289,1.09483,28505
2021-05-17,1.09413,1.09776,1.09386,1.09726,27538
2021-05-18,1.09576,1.0982,1.09508,1.09692,28681
2021-05-19,1.09569,1.10275,1.0955,1.09988,33363
2021-05-20,1.09912,1.102,1.09703,1.09716,25675
2021-05-21,1.09679,1.09778,1.0932,1.09339,32214
2021-05-24,1.09384,1.0964,1.09261,1.09546,28453
2021-05-25,1.09436,1.09843,1.09423,1.09654,29478
2021-05-26,1.0959,1.09697,1.09382,1.09428,26711
2021-05-27,1.09404,1.09765,1.09343,1.09357,31931
2021-05-28,1.09284,1.09757,1.09263,1.09724,32220
2021-05-31,1.0968,1.09982,1.09545,1.09785,21294
2021-06-01,1.09765,1.10015,1.09537,1.09581,26217
2021-06-02,1.09439,1.09815,1.09437,1.09611,29455
2021-06-03,1.0955,1.09781,1.09522,1.09552,27483
2021-06-04,1.09518,1.09651,1.0932,1.09375,30131
2021-06-07,1.09205,1.09479,1.09205,1.09394,23676
2021-06-08,1.09366,1.09433,1.09082,1.09154,27641
2021-06-09,1.09081,1.09261,1.09025,1.09063,20943
2021-06-10,1.08956,1.09255,1.08886,1.08904,27355
2021-06-11,1.08875,1.09009,1.0871,1.08718,23517
2021-06-14,1.08713,1.09077,1.08702,1.0898,19318
2021-06-15,1.08899,1.0908,1.0885,1.08913,19691
2021-06-16,1.08797,1.09117,1.08772,1.08966,27785
2021-06-17,1.08876,1.0931,1.08875,1.09243,36013
2021-06-18,1.09098,1.09537,1.09098,1.09498,34031
2021-06-21,1.09337,1.09633,1.09316,1.09367,31169
2021-06-22,1.09314,1.09667,1.09314,1.09579,22810
2021-06-23,1.09444,1.09673,1.09444,1.0946,24513
2021-06-24,1.09459,1.09758,1.0944,1.09511,26592
2021-06-25,1.09417,1.09632,1.09398,1.09422,21294
2021-06-28,1.0948,1.09693,1.09397,1.09591,21808
2021-06-29,1.09552,1.09715,1.0950199999999999,1.0954,22696
2021-06-30,1.0943,1.09808,1.09387,1.09633,26027
2021-07-01,1.09565,1.09862,1.09563,1.09642,27753
2021-07-02,1.09528,1.0971899999999999,1.09208,1.09219,27568
2021-07-05,1.09154,1.09451,1.0915300000000001,1.09281,21140
2021-07-06,1.09279,1.09446,1.09207,1.09229,27160
2021-07-07,1.09147,1.0933,1.091,1.09107,25919
2021-07-08,1.09022,1.09165,1.08239,1.08346,30421
2021-07-09,1.08299,1.08676,1.08264,1.08516,23569
2021-07-12,1.08766,1.08775,1.08439,1.08516,23594
2021-07-13,1.08497,1.08617,1.08179,1.0818699999999999,24796
2021-07-14,1.08131,1.08507,1.08025,1.08196,25960
2021-07-15,1.08299,1.08479,1.08038,1.08376,26386
2021-07-16,1.08307,1.08641,1.08251,1.08537,27324
2021-07-19,1.08509,1.08621,1.08253,1.083,34692
2021-07-20,1.08222,1.08573,1.08182,1.08524,34484
2021-07-21,1.08486,1.0857,1.08203,1.08221,28737
2021-07-22,1.08156,1.08401,1.08122,1.0814300000000001,34246
2021-07-23,1.08132,1.08405,1.08093,1.08234,29795
2021-07-26,1.08208,1.08313,1.08058,1.0806499999999999,33404
2021-07-27,1.08052,1.08208,1.07965,1.0805,33175
2021-07-28,1.08009,1.08153,1.07764,1.0777,31366
2021-07-29,1.07767,1.07935,1.07642,1.07694,29170
2021-07-30,1.07682,1.078,1.07411,1.07442,35421
2021-08-02,1.07409,1.0766,1.07384,1.07443,28756
2021-08-03,1.074,1.07533,1.07208,1.07229,31322
2021-08-04,1.07215,1.07401,1.07135,1.07287,28415
2021-08-05,1.07277,1.07405,1.07198,1.07257,25737
2021-08-06,1.07249,1.07631,1.07185,1.0761,27980
2021-08-09,1.07544,1.08039,1.07491,1.08032,28177
2021-08-10,1.07907,1.08178,1.07805,1.08153,25594
2021-08-11,1.08107,1.08254,1.08039,1.08209,25890
2021-08-12,1.08179,1.08391,1.08036,1.08314,22828
2021-08-13,1.08306,1.08397,1.07939,1.07961,20354
2021-08-16,1.08005,1.08075,1.07354,1.07443,22399
2021-08-17,1.0742099999999999,1.07517,1.07001,1.07111,25805
2021-08-18,1.07042,1.0757,1.07013,1.07344,26442
2021-08-19,1.07344,1.07451,1.06956,1.07246,33757
2021-08-20,1.072,1.07328,1.06991,1.07267,22588
2021-08-23,1.07212,1.07565,1.07141,1.07159,23198
2021-08-24,1.07099,1.07337,1.06995,1.0731,20451
2021-08-25,1.07203,1.07562,1.07136,1.07559,21731
2021-08-26,1.07535,1.0805,1.0741,1.07836,30208
2021-08-27,1.07765,1.07967,1.07407,1.07455,27240
2021-08-30,1.07478,1.08251,1.07432,1.08188,21858
2021-08-31,1.08022,1.08313,1.07815,1.08069,30125
2021-09-01,1.08064,1.08498,1.08014,1.08406,25187
2021-09-02,1.0831,1.08634,1.08272,1.08565,27341
2021-09-03,1.08498,1.0872,1.08473,1.08547,32632
2021-09-06,1.0838700000000001,1.08791,1.0838700000000001,1.08582,22538
2021-09-07,1.08582,1.08896,1.08442,1.08887,32739
2021-09-08,1.08807,1.09007,1.08638,1.0894,32486
2021-09-09,1.08836,1.08963,1.08344,1.08376,30340
2021-09-10,1.08383,1.08613,1.08316,1.08425,26223
2021-09-13,1.08464,1.08958,1.08376,1.08903,28573
2021-09-14,1.08804,1.09035,1.08538,1.0858,28321
2021-09-15,1.08584,1.08703,1.08392,1.08663,31101
2021-09-16,1.08616,1.09181,1.08535,1.0917,32271
2021-09-17,1.09044,1.09371,1.09011,1.09299,33311
2021-09-20,1.09187,1.09349,1.08741,1.08786,30995
2021-09-21,1.08659,1.08849,1.0815,1.08282,33608
2021-09-22,1.08199,1.0844,1.08122,1.08225,35829
2021-09-23,1.08017,1.08597,1.08017,1.08491,40001
2021-09-24,1.08464,1.08641,1.08202,1.08341,36609
2021-09-27,1.08303,1.08642,1.07995,1.08258,41793
2021-09-28,1.08254,1.08594,1.08215,1.08562,47045
2021-09-29,1.08534,1.0861399999999999,1.08207,1.08375,51285
2021-09-30,1.0826500000000001,1.08464,1.07829,1.07842,54142
2021-10-01,1.07837,1.08077,1.07714,1.07867,52938
2021-10-04,1.07799,1.08014,1.07324,1.07422,43984
2021-10-05,1.07424,1.07675,1.07372,1.07591,41786
2021-10-06,1.07593,1.0771,1.07071,1.07166,48425
2021-10-07,1.07113,1.0735,1.07016,1.07305,41064
2021-10-08,1.07163,1.07514,1.07163,1.07296,42189
2021-10-11,1.07257,1.07458,1.07088,1.07166,34821
2021-10-12,1.07157,1.07407,1.0708,1.07287,40792
2021-10-13,1.07223,1.07389,1.0708199999999999,1.07125,43240
2021-10-14,1.07089,1.07166,1.06797,1.07096,36526
2021-10-15,1.07006,1.07391,1.06982,1.07058,41728
2021-10-18,1.0714299999999999,1.07352,1.06989,1.07249,53815
2021-10-19,1.07222,1.07397,1.07097,1.07364,54699
2021-10-20,1.07305,1.07646,1.07045,1.07054,40330
2021-10-21,1.07055,1.07173,1.06707,1.06732,39472
2021-10-22,1.06712,1.0682,1.06581,1.06665,42455
2021-10-25,1.0667,1.06915,1.06569,1.06784,34339
2021-10-26,1.06694,1.07027,1.06604,1.0664,34643
2021-10-27,1.0662,1.06729,1.06358,1.06519,44131
2021-10-28,1.06451,1.06705,1.06372,1.06525,52041
2021-10-29,1.06424,1.06551,1.05692,1.05806,47314
2021-11-01,1.05793,1.06035,1.05471,1.05522,42486
2021-11-02,1.05483,1.06036,1.05453,1.05895,40438
2021-11-03,1.05827,1.05934,1.05518,1.05858,42334
2021-11-04,1.05823,1.0590600000000001,1.05355,1.05419,42267
2021-11-05,1.05393,1.0576,1.05336,1.055,41806
2021-11-08,1.05492,1.05972,1.05421,1.05838,32660
2021-11-09,1.05702,1.05973,1.05531,1.05624,39679
2021-11-10,1.05598,1.05703,1.0537,1.05374,48374
2021-11-11,1.05358,1.05743,1.05325,1.05458,36038
2021-11-12,1.05456,1.05709,1.05352,1.05407,29852
2021-11-15,1.05395,1.0543,1.05102,1.0517,33959
2021-11-16,1.05146,1.05501,1.0507900000000001,1.05288,30969
2021-11-17,1.05279,1.05439,1.05027,1.05044,32324
2021-11-18,1.05002,1.0526,1.04972,1.05253,31735
2021-11-19,1.05207,1.05312,1.04473,1.04803,43875
2021-11-22,1.04759,1.0485,1.04477,1.04821,37227
2021-11-23,1.04486,1.0512299999999999,1.04486,1.04964,36128
2021-11-24,1.04841,1.05035,1.04554,1.04593,37071
2021-11-25,1.04559,1.04933,1.04541,1.04851,30312
2021-11-26,1.04853,1.04896,1.04274,1.04526,55601
2021-11-29,1.04321,1.04507,1.04143,1.04188,40726
2021-11-30,1.0417399999999999,1.04429,1.03893,1.04115,53279
2021-12-01,1.04111,1.0433,1.04025,1.04079,42025
2021-12-02,1.04052,1.0435699999999999,1.03987,1.03988,38332
2021-12-03,1.03972,1.04086,1.03674,1.03805,41275
2021-12-06,1.03822,1.04491,1.0376,1.04433,35972
2021-12-07,1.04342,1.04471,1.04025,1.04199,42008
2021-12-08,1.04152,1.04547,1.04111,1.04399,45511
2021-12-09,1.04362,1.04541,1.04197,1.0431,39305
2021-12-10,1.04251,1.04467,1.0409,1.04179,35810
2021-12-13,1.04068,1.04295,1.04022,1.04082,30784
2021-12-14,1.04038,1.04173,1.03891,1.04034,34058
2021-12-15,1.0402,1.0442,1.03927,1.04355,43185
2021-12-16,1.04281,1.0466,1.04093,1.04152,48245
2021-12-17,1.04108,1.04187,1.03838,1.03856,41111
2021-12-20,1.03881,1.0413000000000001,1.03801,1.03883,41469
2021-12-21,1.0384,1.04269,1.03782,1.04187,42039
2021-12-22,1.04157,1.0434,1.04068,1.04145,32933
2021-12-23,1.04065,1.04318,1.03911,1.0398,30279
2021-12-24,1.03967,1.04107,1.03863,1.03878,53969
2021-12-27,1.03964,1.0411,1.03839,1.03921,20181
2021-12-28,1.03864,1.03941,1.03689,1.03719,22244
2021-12-29,1.03682,1.03828,1.0362,1.03741,28915
2021-12-30,1.03719,1.03834,1.03428,1.03468,26990
2021-12-31,1.03465,1.03788,1.03258,1.03747,24979
2022-01-03,1.03653,1.0391,1.03485,1.03787,30953
2022-01-04,1.03779,1.03826,1.03343,1.03374,31804
2022-01-05,1.03354,1.03896,1.03326,1.03735,32523
2022-01-06,1.03687,1.04114,1.03657,1.04056,35402
2022-01-07,1.04056,1.04505,1.03979,1.04318,31273
2022-01-10,1.04218,1.05037,1.04218,1.0487,34672
2022-01-11,1.04902,1.05112,1.0488,1.04982,31777
2022-01-12,1.04929,1.05054,1.04366,1.04583,32690
2022-01-13,1.04542,1.0487,1.04242,1.04352,34400
2022-01-14,1.04304,1.04476,1.04181,1.04306,34918
2022-01-17,1.04122,1.04445,1.04122,1.04231,23226
2022-01-18,1.04185,1.04382,1.03801,1.03906,35324
2022-01-19,1.03853,1.04029,1.03745,1.03861,33607
2022-01-20,1.03811,1.03947,1.03717,1.0373,32546
2022-01-21,1.03722,1.03751,1.03346,1.03435,34902
2022-01-24,1.03348,1.03584,1.02994,1.03423,37474
2022-01-25,1.0339,1.0385,1.03379,1.03757,35791
2022-01-26,1.03588,1.03986,1.03531,1.03867,36810
2022-01-27,1.03847,1.03974,1.03672,1.03747,43025
2022-01-28,1.03714,1.03908,1.03581,1.03786,32559
2022-01-31,1.03793,1.04407,1.03737,1.04123,37093
2022-02-01,1.04078,1.04128,1.03625,1.03795,38236
2022-02-02,1.0377,1.04059,1.03753,1.03875,34743
2022-02-03,1.03823,1.05418,1.03802,1.05243,48380
2022-02-04,1.05171,1.06017,1.05171,1.05983,48745
2022-02-07,1.05994,1.0603,1.05497,1.05654,41784
2022-02-08,1.05656,1.05714,1.05291,1.0561,38683
2022-02-09,1.0557,1.05671,1.05425,1.05575,33601
2022-02-10,1.0557,1.06112,1.05499,1.0573,47186
2022-02-11,1.05682,1.05746,1.04809,1.04892,48310
2022-02-14,1.04862,1.05136,1.04367,1.04519,58948
2022-02-15,1.04527,1.05298,1.04444,1.05086,49279
2022-02-16,1.05049,1.05488,1.04826,1.04884,49056
2022-02-17,1.04847,1.04944,1.04469,1.04527,62284
2022-02-18,1.04527,1.04821,1.0425,1.04302,54124
2022-02-21,1.04321,1.0466,1.03545,1.03579,44183
2022-02-22,1.03542,1.04608,1.03373,1.04324,58382
2022-02-23,1.04314,1.04594,1.03752,1.03799,40384
2022-02-24,1.03757,1.03786,1.02782,1.03539,94913
2022-02-25,1.03541,1.04474,1.03308,1.04307,64248
2022-02-28,1.03138,1.03796,1.02749,1.02841,77343
2022-03-01,1.02809,1.02971,1.01986,1.02176,65275
2022-03-02,1.02152,1.02628,1.01588,1.02311,66195
2022-03-03,1.02216,1.02369,1.01493,1.01504,52841
2022-03-04,1.01502,1.01574,1.00176,1.00217,75790
2022-03-07,1.00186,1.00971,0.99714,1.00438,89845
2022-03-08,1.00436,1.01769,1.00427,1.01256,84917
2022-03-09,1.01197,1.02709,1.01132,1.02568,70052
2022-03-10,1.02568,1.03023,1.02048,1.02142,73909
2022-03-11,1.02115,1.02782,1.01857,1.02028,64342
2022-03-14,1.01957,1.02878,1.01847,1.02694,62078
2022-03-15,1.02666,1.03378,1.02564,1.03096,71121
2022-03-16,1.03044,1.03846,1.03029,1.03769,77178
2022-03-17,1.03726,1.04019,1.03594,1.0391,68268
2022-03-18,1.03902,1.04007,1.02921,1.02944,60278
2022-03-21,1.02977,1.03222,1.0264199999999999,1.02836,49090
2022-03-22,1.02812,1.03001,1.02634,1.02858,59200
2022-03-23,1.0284,1.03147,1.02375,1.024,54508
2022-03-24,1.02401,1.02678,1.02126,1.02295,59797
2022-03-25,1.02263,1.02382,1.0194,1.02195,65794
2022-03-28,1.02211,1.03009,1.02154,1.02655,67261
2022-03-29,1.02583,1.03843,1.02505,1.03182,78929
2022-03-30,1.03161,1.03302,1.02892,1.03016,76436
2022-03-31,1.03007,1.0325,1.02068,1.0211,70713
2022-04-01,1.02083,1.02437,1.02,1.02241,58928
2022-04-04,1.02141,1.02399,1.01541,1.01601,46583
2022-04-05,1.01604,1.0171,1.01308,1.01345,52023
2022-04-06,1.01347,1.0204,1.01313,1.01652,61243
2022-04-07,1.01659,1.01974,1.01453,1.01626,59202
2022-04-08,1.01578,1.01786,1.01382,1.01584,55265
2022-04-11,1.01718,1.02051,1.01214,1.01337,54017
2022-04-12,1.01332,1.01548,1.00886,1.00977,53615
2022-04-13,1.00969,1.01823,1.00875,1.01724,57730
2022-04-14,1.01669,1.0213,1.0129,1.02031,62165
2022-04-15,1.02024,1.02105,1.01719,1.0193699999999999,66427
2022-04-18,1.01786,1.02011,1.01656,1.01853,44911
2022-04-19,1.01806,1.02762,1.01655,1.02717,67673
2022-04-20,1.0266,1.03009,1.02472,1.02936,70384
2022-04-21,1.02919,1.03703,1.02861,1.03265,68743
2022-04-22,1.03245,1.03512,1.03068,1.03326,66192
2022-04-25,1.03428,1.03488,1.02438,1.0277,75509
2022-04-26,1.02727,1.02899,1.02107,1.0239,57435
2022-04-27,1.02334,1.02586,1.01975,1.02317,65445
2022-04-28,1.0225,1.02414,1.01883,1.02035,76428
2022-04-29,1.02002,1.02695,1.01885,1.02651,63933
2022-05-02,1.02311,1.02911,1.02253,1.02725,52525
2022-05-03,1.02693,1.03143,1.02539,1.02963,53585
2022-05-04,1.02922,1.03765,1.02845,1.03242,56765
2022-05-05,1.03241,1.03937,1.03168,1.03812,68580
2022-05-06,1.03749,1.04505,1.03317,1.04223,74591
2022-05-09,1.03982,1.04958,1.03982,1.04932,63555
2022-05-10,1.04886,1.05148,1.04559,1.04814,62673
2022-05-11,1.04773,1.04924,1.04309,1.04492,64642
2022-05-12,1.04503,1.04763,1.0361,1.04096,73730
2022-05-13,1.04077,1.04365,1.03794,1.04288,59604
2022-05-16,1.04088,1.04888,1.04042,1.04534,61470
2022-05-17,1.045,1.04844,1.043,1.04816,61899
2022-05-18,1.04775,1.04945,1.0331,1.03366,53702
2022-05-19,1.03328,1.03598,1.02287,1.02961,72374
2022-05-20,1.02961,1.0303,1.02548,1.02901,61915
2022-05-23,1.02783,1.0335,1.02612,1.03229,59772
2022-05-24,1.03198,1.03505,1.02861,1.03127,57905
2022-05-25,1.03061,1.0315,1.02386,1.02743,57320
2022-05-26,1.02741,1.03091,1.02477,1.02886,55159
2022-05-27,1.02872,1.03177,1.02328,1.02717,51559
2022-05-30,1.02582,1.03359,1.02582,1.03156,41856
2022-05-31,1.03156,1.03353,1.02547,1.02944,64884
2022-06-01,1.02913,1.0318,1.02439,1.0257,55997
2022-06-02,1.0253,1.03017,1.02182,1.0293,49045
2022-06-03,1.02873,1.03283,1.02792,1.03178,46339
2022-06-06,1.03107,1.03914,1.03073,1.03842,46385
2022-06-07,1.03788,1.04363,1.03726,1.0411299999999999,62556
2022-06-08,1.04045,1.04915,1.0398,1.04863,57882
2022-06-09,1.04813,1.05137,1.0373,1.04052,62551
2022-06-10,1.04048,1.04143,1.03754,1.03879,65338
2022-06-13,1.03835,1.04092,1.0362,1.03792,74428
2022-06-14,1.03742,1.04517,1.034,1.0433,84506
2022-06-15,1.04325,1.0478,1.0381,1.03823,99236
2022-06-16,1.0379,1.04157,1.01297,1.01953,98723
2022-06-17,1.01922,1.02196,1.00978,1.01758,87686
2022-06-20,1.01695,1.01938,1.01354,1.01665,64730
2022-06-21,1.01669,1.02155,1.01633,1.01747,65608
2022-06-22,1.01675,1.01878,1.01316,1.01573,67402
2022-06-23,1.01558,1.01649,1.00682,1.01136,80311
2022-06-24,1.0108,1.01386,1.00495,1.01151,66095
2022-06-27,1.00797,1.01571,1.00773,1.01188,62785
2022-06-28,1.01185,1.01305,1.00549,1.00713,68270
2022-06-29,1.00668,1.00757,0.99635,0.99696,71140
2022-06-30,0.99698,1.00131,0.99438,1.00104,77532
2022-07-01,1.00102,1.00418,0.99773,1.00046,79077
2022-07-04,0.99991,1.00457,0.99747,1.00165,55568
2022-07-05,1.00143,1.00313,0.99238,0.9943,72431
2022-07-06,0.99413,0.99475,0.98746,0.98837,78216
2022-07-07,0.98813,0.99305,0.98734,0.98958,72587
2022-07-08,0.98878,0.99542,0.98657,0.99435,73730
2022-07-11,0.99228,0.9948,0.9855,0.98714,65701
2022-07-12,0.98656,0.98978,0.9835,0.98543,73863
2022-07-13,0.98525,0.98836,0.98054,0.98457,82261
2022-07-14,0.98449,0.98846,0.98255,0.98583,82675
2022-07-15,0.98554,0.98734,0.9826,0.98466,65796
2022-07-18,0.9847,0.99333,0.98366,0.99138,67981
2022-07-19,0.99142,0.9945,0.98973,0.99052,72361
2022-07-20,0.98995,0.99442,0.98764,0.98866,72815
2022-07-21,0.98866,0.99492,0.98616,0.98867,77918
2022-07-22,0.9886,0.9886,0.98106,0.98145,72536
2022-07-25,0.98188,0.98822,0.9803,0.98554,68898
2022-07-26,0.98549,0.98653,0.97382,0.97434,64333
2022-07-27,0.97375,0.9797,0.97343,0.97892,72982
2022-07-28,0.97751,0.98046,0.97073,0.97357,83497
2022-07-29,0.97292,0.97526,0.96987,0.97281,83007
2022-08-01,0.97093,0.97582,0.97093,0.97433,74356
2022-08-02,0.97398,0.97632,0.972,0.97327,84957
2022-08-03,0.97299,0.97822,0.97236,0.97652,77810
2022-08-04,0.97617,0.97967,0.97598,0.97874,72260
2022-08-05,0.97797,0.98008,0.97592,0.97879,70054
2022-08-08,0.97891,0.97928,0.97176,0.97382,62900
2022-08-09,0.97356,0.97659,0.97257,0.97383,56506
2022-08-10,0.97371,0.97457,0.97042,0.97073,70317
2022-08-11,0.97081,0.97311,0.96939,0.97145,71946
2022-08-12,0.97132,0.97206,0.9654,0.96554,67000
2022-08-15,0.96595,0.96633,0.96122,0.96139,62861
2022-08-16,0.96102,0.9679,0.9604,0.96563,70052
2022-08-17,0.9649,0.96998,0.96473,0.96849,71276
2022-08-18,0.96827,0.96991,0.96446,0.96514,74221
2022-08-19,0.96503,0.9669,0.96117,0.96256,64157
2022-08-22,0.96202,0.96309,0.95707,0.95868,69107
2022-08-23,0.95797,0.96406,0.95517,0.96104,75682
2022-08-24,0.96088,0.96506,0.95576,0.96337,71527
2022-08-25,0.96294,0.96561,0.9601,0.96075,65869
2022-08-26,0.96005,0.96728,0.95982,0.9624,68087
2022-08-29,0.96136,0.96972,0.96117,0.96803,61886
2022-08-30,0.96766,0.9772,0.9665,0.97574,68601
2022-08-31,0.97525,0.98337,0.97377,0.98304,73439
2022-09-01,0.98238,0.98342,0.97593,0.97616,68357
2022-09-02,0.97603,0.98655,0.97562,0.97689,64700
2022-09-05,0.97421,0.97563,0.9711,0.97221,66621
2022-09-06,0.97174,0.97862,0.97163,0.97493,82899
2022-09-07,0.9728,0.97803,0.9717,0.97689,80692
2022-09-08,0.97687,0.97758,0.96601,0.97018,81752
2022-09-09,0.97002,0.97268,0.96323,0.96495,79643
2022-09-12,0.96688,0.97454,0.96342,0.96532,76058
2022-09-13,0.96495,0.96871,0.95836,0.95859,78156
2022-09-14,0.95846,0.96278,0.95806,0.96048,85895
2022-09-15,0.95982,0.96154,0.95313,0.96152,69319
2022-09-16,0.961,0.96643,0.95777,0.96552,73982
2022-09-19,0.96451,0.96711,0.96333,0.96658,67020
2022-09-20,0.96613,0.96816,0.9602,0.96133,77482
2022-09-21,0.96089,0.96178,0.95039,0.95068,93729
2022-09-22,0.95073,0.97139,0.94656,0.96069,103459
2022-09-23,0.95996,0.96217,0.94977,0.95074,95761
2022-09-26,0.94913,0.95752,0.94065,0.95423,125440
2022-09-27,0.95398,0.95591,0.94831,0.95149,99394
2022-09-28,0.95137,0.95246,0.94343,0.95004,118562
2022-09-29,0.94932,0.95909,0.94683,0.95724,114915
2022-09-30,0.95702,0.96801,0.95458,0.96728,112886
2022-10-03,0.96465,0.97727,0.96421,0.97506,104753
2022-10-04,0.97427,0.98,0.974,0.97787,103016
2022-10-05,0.97827,0.97969,0.96983,0.97188,102172
2022-10-06,0.97,0.97383,0.96846,0.96989,100814
2022-10-07,0.9694,0.97155,0.967,0.96839,97493
2022-10-10,0.96728,0.97302,0.96597,0.97015,85499
2022-10-11,0.96912,0.97139,0.96673,0.96743,97944
2022-10-12,0.96718,0.96898,0.9643,0.96794,105613
2022-10-13,0.96735,0.97908,0.96577,0.97854,103858
2022-10-14,0.97699,0.97929,0.97412,0.9776,112918
2022-10-17,0.97576,0.98081,0.97055,0.98011,90885
2022-10-18,0.9795,0.9819,0.97787,0.98012,97772
2022-10-19,0.9796,0.98296,0.97896,0.98164,97860
2022-10-20,0.98054,0.9851,0.97986,0.98172,87203
2022-10-21,0.98173,0.98843,0.98132,0.98403,106000
2022-10-24,0.98234,0.98922,0.98134,0.98805,116220
2022-10-25,0.98806,0.99261,0.98655,0.99114,94102
2022-10-26,0.99071,0.9946,0.98936,0.99422,100647
2022-10-27,0.99359,0.99546,0.98702,0.98718,103572
2022-10-28,0.98722,0.99432,0.98639,0.99265,98862
2022-10-31,0.99055,0.99405,0.98799,0.98983,86042
2022-11-01,0.98916,0.99212,0.98507,0.98753,87371
2022-11-02,0.98665,0.98906,0.98454,0.98499,90062
2022-11-03,0.98434,0.98929,0.98255,0.988,93736
2022-11-04,0.98722,0.99036,0.9845,0.99,100102
2022-11-07,0.98903,0.99185,0.98633,0.99047,94618
2022-11-08,0.9899,0.99359,0.98808,0.99273,80063
2022-11-09,0.99273,0.99359,0.98504,0.98523,91976
2022-11-10,0.98527,0.98951,0.982,0.98355,98124
2022-11-11,0.98276,0.98744,0.97316,0.97434,108286
2022-11-14,0.97281,0.97771,0.97027,0.9736,94107
2022-11-15,0.9739,0.98399,0.97227,0.97718,96007
2022-11-16,0.97571,0.98218,0.97398,0.98168,86215
2022-11-17,0.98129,0.98702,0.9807,0.98634,77791
2022-11-18,0.98554,0.98902,0.98441,0.985,68472
2022-11-21,0.98459,0.98616,0.97994,0.98211,63859
2022-11-22,0.98151,0.9832,0.97631,0.98076,66682
2022-11-23,0.98031,0.98323,0.9765,0.97971,72614
2022-11-24,0.97946,0.98357,0.97833,0.98189,59856
2022-11-25,0.98097,0.9858,0.98032,0.98185,66767
2022-11-28,0.98207,0.98901,0.97905,0.98114,80433
2022-11-29,0.98082,0.9871,0.9806,0.98519,83960
2022-11-30,0.98318,0.98724,0.97881,0.98383,83608
2022-12-01,0.98414,0.98873,0.98025,0.98627,91281
2022-12-02,0.9862,0.98828,0.98225,0.98734,79308
2022-12-05,0.98887,0.99102,0.98499,0.98909,74207
2022-12-06,0.98758,0.99086,0.98554,0.98584,73744
2022-12-07,0.98533,0.98954,0.98381,0.98816,70372
2022-12-08,0.98792,0.98998,0.98628,0.98817,63494
2022-12-09,0.98773,0.98911,0.98256,0.98424,65073
2022-12-12,0.98348,0.98727,0.98198,0.98642,61755
2022-12-13,0.98573,0.99032,0.98329,0.98725,74067
2022-12-14,0.98636,0.98897,0.98306,0.98731,79830
2022-12-15,0.98714,0.99164,0.98361,0.98656,84095
2022-12-16,0.98588,0.99065,0.98543,0.98896,75632
2022-12-19,0.98862,0.99127,0.98517,0.98524,67438
2022-12-20,0.98456,0.98668,0.98256,0.98394,92454
2022-12-21,0.98406,0.98587,0.98215,0.98278,71432
2022-12-22,0.98235,0.98689,0.98155,0.98644,68320
2022-12-23,0.98636,0.99229,0.98595,0.99053,67600
2022-12-27,0.99034,0.99232,0.98752,0.98857,66798
2022-12-28,0.98721,0.99032,0.98428,0.98575,65453
2022-12-29,0.98469,0.98628,0.98243,0.98417,61334
2022-12-30,0.98371,0.98994,0.98299,0.98958,65762
2023-01-03,0.98696,0.99047,0.98395,0.98692,93149
2023-01-04,0.98718,0.98845,0.98334,0.98558,82247
2023-01-05,0.98546,0.98715,0.9833,0.98465,76112
2023-01-06,0.9847,0.98821,0.98412,0.9877,74858
2023-01-09,0.98718,0.98901,0.98528,0.98876,71594
2023-01-10,0.98837,0.99128,0.98746,0.99009,68192
2023-01-11,0.99036,1.00218,0.98934,1.00174,68333
2023-01-12,1.00095,1.0079,1.00035,1.00632,80109
2023-01-13,1.00543,1.00967,1.0019,1.0033,73005
2023-01-16,1.00347,1.00396,0.99996,1.00173,54503
2023-01-17,1.00152,1.0027,0.9935,0.99454,68303
2023-01-18,0.99444,0.9963,0.98746,0.98908,76834
2023-01-19,0.98833,0.9931,0.98735,0.992,63583
2023-01-20,0.99163,0.99986,0.9912,0.99894,54203
2023-01-23,0.99822,1.00335,0.99748,1.002,74249
2023-01-24,1.00202,1.00662,0.99935,1.00405,60301
2023-01-25,1.00402,1.00688,1.00118,1.00127,63875
2023-01-26,1.00124,1.00272,0.99873,1.00237,66911
2023-01-27,1.00145,1.00384,0.99956,1.00085,65108
2023-01-30,0.99874,1.00605,0.99867,1.00377,73627
2023-01-31,1.00214,1.00517,0.99433,0.99479,70878
2023-02-01,0.99438,1.00073,0.99425,0.99807,69011
2023-02-02,0.99798,1.00048,0.99337,0.99612,79423
2023-02-03,0.99563,1.00322,0.99503,0.99958,70476
2023-02-06,1.0008,1.00109,0.99403,0.99553,65039
2023-02-07,0.99517,0.99576,0.98715,0.98881,69907
2023-02-08,0.98848,0.98953,0.98628,0.98648,59358
2023-02-09,0.98603,0.99061,0.98582,0.9903,59668
2023-02-10,0.98928,0.99055,0.98607,0.98631,59903
2023-02-13,0.98637,0.98771,0.98458,0.98572,59343
2023-02-14,0.986,0.98964,0.98479,0.98916,76400
2023-02-15,0.98862,0.99108,0.98635,0.98708,69545
2023-02-16,0.98717,0.98861,0.98637,0.98792,66315
2023-02-17,0.98765,0.99248,0.98716,0.98825,63853
2023-02-20,0.98774,0.98879,0.98547,0.98589,60306
2023-02-21,0.98577,0.99025,0.98472,0.98772,66134
2023-02-22,0.987,0.98957,0.98593,0.98749,65747
2023-02-23,0.98657,0.99063,0.98622,0.98947,59917
2023-02-24,0.98861,0.99245,0.98785,0.99219,66941
2023-02-27,0.99173,0.99462,0.9911,0.99264,57773
2023-02-28,0.99217,0.99649,0.99141,0.99638,60625
2023-03-01,0.99595,1.0026,0.99568,1.00211,64294
2023-03-02,1.0015,1.00413,0.99734,0.99856,57156
2023-03-03,0.99821,0.99875,0.99463,0.99546,52729
2023-03-06,0.99512,0.9966,0.99229,0.99394,50506
2023-03-07,0.99328,0.99645,0.99247,0.99375,59642
2023-03-08,0.99286,0.99434,0.99086,0.99246,50914
2023-03-09,0.99238,0.99303,0.98644,0.98644,44865
2023-03-10,0.98672,0.98771,0.97945,0.98012,79030
2023-03-13,0.98043,0.9834,0.97131,0.97852,102054
2023-03-14,0.97709,0.98225,0.97467,0.98116,82085
2023-03-15,0.97961,0.9874,0.97057,0.98718,99180
2023-03-16,0.98658,0.98811,0.97987,0.98622,97068
2023-03-17,0.9856,0.99116,0.98387,0.98758,78551
2023-03-20,0.98885,0.9965,0.98577,0.99618,79263
2023-03-21,0.99449,0.99773,0.99253,0.99313,67367
2023-03-22,0.9925,0.99835,0.99239,0.99556,61395
2023-03-23,0.99574,0.99968,0.99194,0.9927,63599
2023-03-24,0.99214,0.99391,0.98484,0.98962,73107
2023-03-27,0.98906,0.99081,0.98587,0.98854,57185
2023-03-28,0.98833,0.99844,0.98796,0.99723,49440
2023-03-29,0.99634,0.99853,0.9946,0.9956,51938
2023-03-30,0.99503,0.99793,0.99323,0.99609,51748
2023-03-31,0.99529,0.99896,0.99064,0.99223,53203
2023-04-03,0.99238,0.99621,0.99007,0.99484,58203
2023-04-04,0.99462,0.99707,0.99129,0.99275,56284
2023-04-05,0.99126,0.99316,0.98688,0.98875,49918
2023-04-06,0.98697,0.98892,0.98505,0.98775,45349
2023-04-07,0.98764,0.98907,0.98547,0.98582,34550
2023-04-10,0.98593,0.98878,0.98571,0.98779,46263
2023-04-11,0.98596,0.98905,0.98491,0.98557,45254
2023-04-12,0.98518,0.98701,0.98314,0.98503,48631
2023-04-13,0.98417,0.98583,0.97991,0.98237,50678
2023-04-14,0.98179,0.98449,0.98107,0.98281,47954
2023-04-17,0.98332,0.98335,0.98033,0.9817,45604
2023-04-18,0.98131,0.98439,0.98074,0.98304,45768
2023-04-19,0.98285,0.98475,0.98244,0.98315,49064
2023-04-20,0.98314,0.98381,0.97871,0.97871,45080
2023-04-21,0.97896,0.98077,0.97857,0.98036,46667
2023-04-24,0.98057,0.98097,0.97789,0.98045,43431
2023-04-25,0.9802,0.98149,0.97763,0.97867,49778
2023-04-26,0.97735,0.98447,0.97712,0.98392,56053
2023-04-27,0.98311,0.98797,0.98265,0.9862,52918
2023-04-28,0.98567,0.98628,0.98147,0.98543,62929
2023-05-01,0.98313,0.98551,0.9822,0.98283,50840
2023-05-02,0.98125,0.98654,0.98116,0.98234,56458
2023-05-03,0.9814,0.98283,0.97791,0.978,53357
2023-05-04,0.97791,0.98123,0.97438,0.97548,67019
2023-05-05,0.9747,0.98487,0.97377,0.98114,51578
2023-05-08,0.98036,0.98213,0.97854,0.97871,44699
2023-05-09,0.97844,0.97998,0.97584,0.97592,46899
2023-05-10,0.97579,0.97756,0.97421,0.97705,55680
2023-05-11,0.97602,0.97815,0.974,0.97595,57350
2023-05-12,0.97572,0.97634,0.97228,0.97447,49823
2023-05-15,0.97266,0.97532,0.97256,0.97378,50107
2023-05-16,0.97286,0.9742,0.97183,0.97358,47531
2023-05-17,0.97264,0.97619,0.97181,0.97387,49744
2023-05-18,0.97278,0.97586,0.97237,0.9747,51046
2023-05-19,0.97442,0.97505,0.97125,0.97155,52910
2023-05-22,0.97095,0.97216,0.96764,0.97062,54431
2023-05-23,0.97042,0.972,0.96985,0.97073,50838
2023-05-24,0.97035,0.97503,0.96984,0.97291,51545
2023-05-25,0.97164,0.97319,0.96995,0.97132,50760
2023-05-26,0.96975,0.97162,0.9687,0.97047,52133
2023-05-29,0.9707,0.97165,0.96747,0.96832,38519
2023-05-30,0.96653,0.97235,0.96653,0.97228,51358
2023-05-31,0.9719,0.97506,0.97081,0.97327,57551
2023-06-01,0.97308,0.97613,0.9711,0.97446,57724
2023-06-02,0.97449,0.97601,0.97273,0.97306,54652
2023-06-05,0.97225,0.97506,0.96955,0.97071,55472
2023-06-06,0.97035,0.97136,0.96876,0.97036,47121
2023-06-07,0.97013,0.97387,0.96898,0.97356,39802
2023-06-08,0.97259,0.97607,0.9688,0.96921,42649
2023-06-09,0.96834,0.97175,0.96777,0.97043,39829
2023-06-12,0.96923,0.97866,0.96922,0.97764,66353
2023-06-13,0.97698,0.97941,0.97529,0.97678,65987
2023-06-14,0.97629,0.97697,0.97297,0.97586,40143
2023-06-15,0.97366,0.97889,0.97366,0.976,42160
2023-06-16,0.97629,0.9783,0.97459,0.97787,42913
2023-06-19,0.9769,0.97998,0.97626,0.97789,32258
2023-06-20,0.97763,0.98133,0.97763,0.98015,39444
2023-06-21,0.97978,0.98202,0.97895,0.98104,44242
2023-06-22,0.98098,0.98414,0.97896,0.98015,50152
2023-06-23,0.9796,0.9814,0.97491,0.97674,54055
2023-06-26,0.97645,0.97754,0.97222,0.97661,46662
2023-06-27,0.97581,0.98212,0.97364,0.97942,45909
2023-06-28,0.97923,0.98224,0.97791,0.9787,48344
2023-06-29,0.97857,0.98051,0.97655,0.97716,47986
2023-06-30,0.97629,0.97888,0.97549,0.97637,51148
2023-07-03,0.97506,0.98041,0.97496,0.97772,45986
2023-07-04,0.97694,0.97866,0.97518,0.9756,36480
2023-07-05,0.97569,0.9789,0.9745,0.97543,41267
2023-07-06,0.97447,0.97653,0.97367,0.97483,50278
2023-07-07,0.97441,0.97592,0.9735,0.97504,45475
2023-07-10,0.97374,0.97615,0.97217,0.97385,41136
2023-07-11,0.97386,0.97449,0.96756,0.96811,45842
2023-07-12,0.96727,0.96939,0.96272,0.96548,53060
2023-07-13,0.96327,0.9656,0.9607,0.96402,48066
2023-07-14,0.96595,0.96862,0.96198,0.96772,44627
2023-07-17,0.96482,0.96816,0.96422,0.96669,43209
2023-07-18,0.96646,0.96714,0.96248,0.96277,51900
2023-07-19,0.96273,0.96493,0.96141,0.96156,54120
2023-07-20,0.96131,0.96592,0.9602,0.9644,56097
2023-07-21,0.96447,0.96501,0.96175,0.96326,47265
2023-07-24,0.96139,0.96457,0.9587,0.96212,50026
2023-07-25,0.96219,0.96301,0.95461,0.95496,53800
2023-07-26,0.95475,0.95604,0.95349,0.95419,55891
2023-07-27,0.95389,0.95553,0.95214,0.95409,67340
2023-07-28,0.95267,0.95925,0.95238,0.95895,75575
2023-07-31,0.95664,0.96222,0.95543,0.95862,49926
2023-08-01,0.95599,0.96236,0.95599,0.96113,48013
2023-08-02,0.96102,0.9649,0.95853,0.95974,60765
2023-08-03,0.95895,0.9612,0.95597,0.957,57676
2023-08-04,0.95678,0.96228,0.9559,0.9608,49661
2023-08-07,0.95846,0.96273,0.95845,0.96021,40918
2023-08-08,0.96015,0.96085,0.95842,0.95929,45739
2023-08-09,0.95905,0.96319,0.95791,0.9627,42914
2023-08-10,0.9613,0.96367,0.96122,0.96274,47697
2023-08-11,0.96126,0.96481,0.95908,0.95954,47015
2023-08-14,0.95913,0.96127,0.95745,0.95773,42941
2023-08-15,0.95772,0.95955,0.95659,0.95786,48988
2023-08-16,0.95734,0.96105,0.95656,0.95731,48355
2023-08-17,0.95721,0.95762,0.95465,0.95491,47720
2023-08-18,0.95342,0.95974,0.95328,0.95947,50360
2023-08-21,0.95666,0.96008,0.95663,0.95706,44544
2023-08-22,0.95703,0.95912,0.95363,0.95483,50819
2023-08-23,0.95423,0.95552,0.95145,0.95358,53255
2023-08-24,0.9529,0.95661,0.95213,0.95603,51497
2023-08-25,0.95434,0.95689,0.95391,0.95473,52441
2023-08-28,0.95749,0.95753,0.95301,0.95611,39023
2023-08-29,0.9552,0.95681,0.95411,0.95557,50671
2023-08-30,0.95436,0.95974,0.95436,0.95945,49422
2023-08-31,0.95954,0.96023,0.95677,0.95777,47899
2023-09-01,0.95729,0.95817,0.95407,0.95424,43442
2023-09-04,0.95415,0.95556,0.95352,0.95458,23961
2023-09-05,0.95397,0.95515,0.95202,0.95365,36087
2023-09-06,0.95256,0.9575,0.95219,0.9558,34801
2023-09-07,0.95563,0.95628,0.95452,0.95473,34651
2023-09-08,0.95473,0.95641,0.95342,0.95544,45451
2023-09-11,0.95389,0.95846,0.95359,0.95757,41217
2023-09-12,0.9563,0.95903,0.95436,0.95842,40548
2023-09-13,0.95675,0.95936,0.95675,0.95872,46042
2023-09-14,0.95808,0.95992,0.95289,0.95314,48936
2023-09-15,0.95292,0.95713,0.95266,0.95686,46281
2023-09-18,0.95439,0.95917,0.95429,0.95898,25691
2023-09-19,0.95782,0.95979,0.95689,0.95858,27778
2023-09-20,0.95819,0.96042,0.9576,0.95788,45393
2023-09-21,0.95757,0.96764,0.95623,0.96431,46133
2023-09-22,0.96325,0.96656,0.9623,0.96543,44262
2023-09-25,0.96444,0.96852,0.96442,0.96601,46743
2023-09-26,0.96543,0.96817,0.96543,0.96815,44066
2023-09-27,0.96484,0.96928,0.96482,0.96747,41135
2023-09-28,0.96703,0.96853,0.96578,0.96663,41529
2023-09-29,0.96667,0.96925,0.96443,0.9676,47342
2023-10-02,0.96617,0.96827,0.96145,0.96206,41991
2023-10-03,0.96167,0.96751,0.96144,0.96386,36689
2023-10-04,0.96399,0.96529,0.96181,0.96335,36394
2023-10-05,0.96287,0.9647,0.96126,0.96257,34453
2023-10-06,0.96243,0.96372,0.96127,0.96303,34619
2023-10-09,0.9592,0.9608,0.9558,0.95786,28624
2023-10-10,0.95766,0.9614,0.95596,0.95935,31426
2023-10-11,0.95936,0.96009,0.95625,0.95775,27511
2023-10-12,0.95764,0.95782,0.95439,0.95629,26967
2023-10-13,0.95624,0.9572,0.94561,0.94814,26860
2023-10-16,0.94671,0.95223,0.94671,0.9505,25676
2023-10-17,0.95046,0.95324,0.94884,0.9521,27124
2023-10-18,0.95102,0.95212,0.94484,0.94715,30220
2023-10-19,0.94689,0.94841,0.94269,0.94319,30963
2023-10-20,0.94317,0.94554,0.94163,0.9454,28703
2023-10-23,0.94555,0.95115,0.94296,0.95064,30807
2023-10-24,0.95059,0.95148,0.9456,0.94574,29062
2023-10-25,0.9459,0.94882,0.94517,0.94755,27767
2023-10-26,0.94747,0.94987,0.94585,0.94932,30735
2023-10-27,0.94928,0.95641,0.94734,0.95305,33304
2023-10-30,0.95202,0.95834,0.95171,0.95738,27008
2023-10-31,0.95734,0.96282,0.9556,0.96271,31914
2023-11-01,0.96267,0.96276,0.95674,0.9595,33754
2023-11-02,0.95946,0.96304,0.95651,0.96213,31497
2023-11-03,0.96204,0.9648,0.96141,0.96474,29026
2023-11-06,0.96361,0.96522,0.96252,0.96376,25403
2023-11-07,0.96369,0.96467,0.96088,0.96305,29105
2023-11-08,0.96298,0.9634,0.95961,0.96303,26851
2023-11-09,0.96296,0.96478,0.96181,0.96313,30668
2023-11-10,0.96309,0.96437,0.96184,0.9642,25929
2023-11-13,0.96431,0.96593,0.96356,0.96452,21984
2023-11-14,0.96464,0.96799,0.96401,0.96713,26103
2023-11-15,0.9664,0.96747,0.96227,0.96314,26812
2023-11-16,0.96295,0.96552,0.96201,0.9643,26996
2023-11-17,0.96427,0.96653,0.96226,0.96633,26872
2023-11-20,0.96584,0.96831,0.9648,0.96812,28937
2023-11-21,0.96802,0.96844,0.96397,0.96401,30410
2023-11-22,0.96395,0.96478,0.96181,0.96225,32475
2023-11-23,0.96225,0.96482,0.96155,0.96411,20176
2023-11-24,0.96356,0.96562,0.96251,0.96422,30755
2023-11-27,0.96501,0.96585,0.96217,0.96424,56788
2023-11-28,0.96421,0.96553,0.96297,0.96515,68088
2023-11-29,0.96512,0.96523,0.95845,0.95854,72366
2023-11-30,0.95855,0.95885,0.94701,0.95283,77364
2023-12-01,0.9528,0.95448,0.9449,0.94585,73207
2023-12-04,0.94562,0.95054,0.94369,0.94563,85276
2023-12-05,0.9456,0.94685,0.94376,0.94454,71456
2023-12-06,0.94414,0.94466,0.94144,0.94153,71791
2023-12-07,0.94159,0.94615,0.94029,0.94455,82607
2023-12-08,0.94453,0.94754,0.9428,0.94709,80965
2023-12-11,0.94712,0.94866,0.94445,0.9455,60514
2023-12-12,0.94546,0.94794,0.94336,0.94483,67997
2023-12-13,0.9448,0.94907,0.94349,0.94782,81618
2023-12-14,0.94738,0.95444,0.94535,0.95358,77988
2023-12-15,0.95354,0.9541,0.9455,0.94807,65430
2023-12-18,0.94779,0.94986,0.94581,0.94709,60255
2023-12-19,0.94704,0.94884,0.94383,0.94522,62110
2023-12-20,0.9452,0.94617,0.94254,0.94391,58831
2023-12-21,0.9439,0.94497,0.94101,0.94273,65690
2023-12-22,0.94269,0.94327,0.93964,0.94231,68630
2023-12-26,0.94128,0.94475,0.9406,0.94256,46481
2023-12-27,0.94252,0.9444,0.9351,0.9362,52859
2023-12-28,0.93616,0.93632,0.92572,0.93445,65838
2023-12-29,0.93441,0.93461,0.92511,0.92869,58463
2024-01-02,0.92659,0.9339,0.92628,0.9302,68386
2024-01-03,0.93015,0.93395,0.92715,0.92736,73724
2024-01-04,0.92732,0.93305,0.92688,0.93046,66978
2024-01-05,0.93045,0.93304,0.92868,0.93049,70064
2024-01-08,0.92869,0.93174,0.9282,0.92855,56186
2024-01-09,0.92851,0.93201,0.92777,0.93154,57369
2024-01-10,0.9315,0.93426,0.93061,0.93347,50436
2024-01-11,0.93343,0.93735,0.93195,0.93464,64816
2024-01-12,0.9346,0.93637,0.9324,0.93357,63665
2024-01-15,0.93192,0.93743,0.93192,0.93693,40638
2024-01-16,0.93689,0.93883,0.93498,0.93689,72386
2024-01-17,0.93628,0.94215,0.93575,0.94061,65055
2024-01-18,0.93972,0.94437,0.93972,0.94394,62611
2024-01-19,0.94395,0.94706,0.94292,0.946,62045
2024-01-22,0.94518,0.94727,0.94437,0.94565,57986
2024-01-23,0.94561,0.94608,0.94355,0.94445,60026
2024-01-24,0.94444,0.94473,0.93892,0.93906,65487
2024-01-25,0.93906,0.94264,0.9387,0.94035,66145
2024-01-26,0.94031,0.94057,0.93624,0.93764,61227
2024-01-29,0.93782,0.93793,0.93205,0.93296,63023
2024-01-30,0.93286,0.93648,0.93139,0.93455,64793
2024-01-31,0.93451,0.93611,0.93046,0.93167,90762
2024-02-01,0.93118,0.93398,0.93066,0.93245,84783
2024-02-02,0.93242,0.93607,0.93081,0.93502,74034
2024-02-05,0.93409,0.93627,0.93379,0.93521,62059
2024-02-06,0.93515,0.93813,0.93444,0.93529,59888
2024-02-07,0.93461,0.94237,0.93461,0.94205,67460
2024-02-08,0.94199,0.94231,0.93959,0.94158,59373
2024-02-09,0.94154,0.94397,0.94029,0.94309,58418
2024-02-12,0.9429,0.94422,0.94137,0.94324,61747
2024-02-13,0.94321,0.95112,0.94206,0.94983,86309
2024-02-14,0.94979,0.951,0.94888,0.95013,76681
2024-02-15,0.94882,0.95052,0.94673,0.94782,75799
2024-02-16,0.94783,0.94974,0.94649,0.94925,66026
2024-02-19,0.94737,0.95137,0.94657,0.951,44326
2024-02-20,0.95082,0.95324,0.95027,0.95296,62081
2024-02-21,0.95299,0.95339,0.95,0.95157,64905
2024-02-22,0.95152,0.95389,0.9496,0.95253,66825
2024-02-23,0.95252,0.95429,0.95137,0.95352,63982
2024-02-26,0.95159,0.9556,0.95126,0.9548,58805
2024-02-27,0.95481,0.95571,0.95257,0.95266,64851
2024-02-28,0.95272,0.95378,0.95113,0.95231,69400
2024-02-29,0.9522,0.95588,0.95139,0.95564,88490
2024-03-01,0.95509,0.96042,0.95426,0.95721,83693
2024-03-04,0.95619,0.96214,0.95547,0.96053,86262
2024-03-05,0.96049,0.96175,0.95837,0.95896,81155
2024-03-06,0.95901,0.96315,0.95856,0.9612,85091
2024-03-07,0.9612,0.96187,0.9558,0.96076,94428
2024-03-08,0.9607,0.96081,0.95739,0.95977,88401
2024-03-11,0.95755,0.96035,0.95725,0.95853,68798
2024-03-12,0.95848,0.95967,0.95696,0.95841,77966
2024-03-13,0.95837,0.96214,0.95784,0.96209,66446
2024-03-14,0.96202,0.96281,0.96081,0.96158,74730
2024-03-15,0.96159,0.96299,0.96047,0.96193,76107
2024-03-18,0.96153,0.96565,0.9605,0.96513,66842
2024-03-19,0.96516,0.96639,0.96196,0.96479,84652
2024-03-20,0.96483,0.96882,0.96362,0.96854,78050
2024-03-21,0.9684,0.97871,0.96655,0.97452,106620
2024-03-22,0.97451,0.97563,0.96899,0.96975,77870
2024-03-25,0.96845,0.97473,0.96845,0.97458,62054
2024-03-26,0.97462,0.98133,0.97304,0.97899,74041
2024-03-27,0.97902,0.98194,0.97784,0.97845,71457
2024-03-28,0.97847,0.97995,0.97221,0.97262,78132
2024-03-29,0.97236,0.97368,0.97063,0.97238,123253
2024-04-01,0.97131,0.97366,0.97122,0.97131,59852
2024-04-02,0.9713,0.97785,0.97024,0.97769,72963
2024-04-03,0.97766,0.9805,0.97634,0.97825,71480
2024-04-04,0.97824,0.9848,0.97604,0.97668,68149
2024-04-05,0.97673,0.98037,0.97449,0.97769,84043
2024-04-08,0.975,0.98341,0.97459,0.98308,73270
2024-04-09,0.9831,0.98346,0.9803,0.98087,64143
2024-04-10,0.98027,0.98206,0.97911,0.98058,75985
2024-04-11,0.98007,0.98205,0.97468,0.97598,82765
2024-04-12,0.97503,0.9763,0.96771,0.97292,81537
2024-04-15,0.96805,0.97397,0.96802,0.96847,90563
2024-04-16,0.96841,0.97218,0.96752,0.96933,92753
2024-04-17,0.96922,0.972,0.96753,0.9719,82566
2024-04-18,0.9715,0.97227,0.96927,0.97088,69590
2024-04-19,0.97065,0.97153,0.95636,0.96992,103608
2024-04-22,0.96839,0.97262,0.96751,0.97152,73629
2024-04-23,0.97011,0.97606,0.97011,0.97583,78505
2024-04-24,0.97557,0.97917,0.97474,0.97893,63665
2024-04-25,0.97843,0.97984,0.97606,0.9787,69718
2024-04-26,0.97869,0.97971,0.97614,0.9778,72550
2024-04-29,0.97627,0.98026,0.97487,0.97591,73144
2024-04-30,0.97591,0.98163,0.97466,0.98052,69172
2024-05-01,0.98057,0.98366,0.97797,0.98077,67911
2024-05-02,0.98078,0.98259,0.97446,0.9766,77526
2024-05-03,0.97655,0.97663,0.97262,0.97398,72805
2024-05-06,0.97256,0.97645,0.97187,0.97585,45663
2024-05-07,0.97586,0.97784,0.97311,0.97686,49147
2024-05-08,0.97684,0.97709,0.97517,0.97592,42815
2024-05-09,0.97591,0.97735,0.97487,0.97666,45017
2024-05-10,0.97667,0.97793,0.97548,0.97614,42694
2024-05-13,0.97462,0.98021,0.97451,0.97987,45987
2024-05-14,0.97919,0.98123,0.97846,0.98058,46957
2024-05-15,0.98035,0.98244,0.97889,0.98184,56625
2024-05-16,0.98176,0.98476,0.97854,0.98459,55814
2024-05-17,0.98428,0.98817,0.98292,0.98811,45734
